"";"pred";"obs"
"1";1;147200
"2";1;234600
"3";1;225800
"4";1;177500
"5";1;66600
"6";1;195300
"7";1;165600
"8";1;146500
"9";1;281300
"10";1;237200
"11";1;162000
"12";1;118500
"13";1;356100
"14";1;305800
"15";1;111200
"16";1;54100
"17";1;358200
"18";1;299400
"19";1;175800
"20";1;75000
"21";1;261100
"22";1;415300
"23";1;161700
"24";1;335300
"25";1;289600
"26";1;244100
"27";1;98800
"28";1;184000
"29";1;192800
"30";1;111400
"31";1;66800
"32";1;81800
"33";1;171700
"34";1;310900
"35";1;148600
"36";1;139800
"37";1;127300
"38";1;231400
"39";1;157700
"40";1;117000
"41";1;122100
"42";1;345900
"43";1;122000
"44";1;153800
"45";1;163300
"46";1;360000
"47";1;179100
"48";1;117800
"49";1;55100
"50";1;227300
"51";1;210000
"52";1;154200
"53";1;500001
"54";1;83400
"55";1;112500
"56";1;190900
"57";1;106300
"58";1;168800
"59";1;136800
"60";1;168800
"61";1;116500
"62";1;118900
"63";1;500001
"64";1;177700
"65";1;200400
"66";1;174200
"67";1;85800
"68";1;461100
"69";1;54100
"70";1;226800
"71";1;443300
"72";1;230600
"73";1;97600
"74";1;500001
"75";1;350000
"76";1;105600
"77";1;424000
"78";1;500001
"79";1;500001
"80";1;243400
"81";1;104900
"82";1;500001
"83";1;161800
"84";1;118900
"85";1;87500
"86";1;65800
"87";1;85000
"88";1;70700
"89";1;500001
"90";1;226500
"91";1;161100
"92";1;231700
"93";1;325400
"94";1;500001
"95";1;365600
"96";1;214600
"97";1;136300
"98";1;152400
"99";1;191300
"100";1;174800
"101";1;236200
"102";1;500001
"103";1;127100
"104";1;157900
"105";1;72500
"106";1;253100
"107";1;137500
"108";1;48600
"109";1;326100
"110";1;256800
"111";1;434700
"112";1;154400
"113";1;241900
"114";1;120700
"115";1;310000
"116";1;153700
"117";1;281800
"118";1;371800
"119";1;81500
"120";1;195800
"121";1;500001
"122";1;176000
"123";1;193200
"124";1;63300
"125";1;192300
"126";1;211700
"127";1;103100
"128";1;500001
"129";1;66200
"130";1;177200
"131";1;244800
"132";1;408300
"133";1;139800
"134";1;199100
"135";1;451800
"136";1;181800
"137";1;123700
"138";1;143800
"139";1;206300
"140";1;346000
"141";1;155000
"142";1;161500
"143";1;397600
"144";1;340400
"145";1;109600
"146";1;242500
"147";1;458300
"148";1;132400
"149";1;398900
"150";1;293200
"151";1;69400
"152";1;180400
"153";1;104200
"154";1;225300
"155";1;168900
"156";1;94800
"157";1;191700
"158";1;194100
"159";1;303800
"160";1;292900
"161";1;361700
"162";1;189100
"163";1;69500
"164";1;177000
"165";1;275000
"166";1;237600
"167";1;166100
"168";1;229200
"169";1;219900
"170";1;166000
"171";1;150400
"172";1;191700
"173";1;464600
"174";1;263900
"175";1;162500
"176";1;1e+05
"177";1;144500
"178";1;137500
"179";1;186400
"180";1;169600
"181";1;181800
"182";1;134800
"183";1;77000
"184";1;350000
"185";1;223800
"186";1;252200
"187";1;500001
"188";1;268600
"189";1;247100
"190";1;422400
"191";1;91200
"192";1;94400
"193";1;100900
"194";1;166200
"195";1;173100
"196";1;266300
"197";1;97800
"198";1;58700
"199";1;164200
"200";1;232400
"201";1;463500
"202";1;85500
"203";1;500001
"204";1;367400
"205";1;161700
"206";1;255500
"207";1;35000
"208";1;308700
"209";1;435700
"210";1;155900
"211";1;185800
"212";1;219000
"213";1;143100
"214";1;188500
"215";1;111800
"216";1;146000
"217";1;500001
"218";1;365800
"219";1;262500
"220";1;421300
"221";1;249200
"222";1;265700
"223";1;91800
"224";1;277300
"225";1;2e+05
"226";1;223200
"227";1;472700
"228";1;314400
"229";1;118800
"230";1;169700
"231";1;75000
"232";1;193200
"233";1;275000
"234";1;95600
"235";1;224500
"236";1;148600
"237";1;121000
"238";1;214700
"239";1;225000
"240";1;99300
"241";1;155500
"242";1;84200
"243";1;194900
"244";1;186000
"245";1;158700
"246";1;143000
"247";1;183900
"248";1;63700
"249";1;470800
"250";1;141600
"251";1;500001
"252";1;184100
"253";1;182000
"254";1;261900
"255";1;175000
"256";1;412700
"257";1;275000
"258";1;151800
"259";1;186700
"260";1;241000
"261";1;122200
"262";1;47500
"263";1;239100
"264";1;247300
"265";1;313400
"266";1;84400
"267";1;243800
"268";1;155800
"269";1;174500
"270";1;146500
"271";1;101600
"272";1;156300
"273";1;63800
"274";1;58000
"275";1;398800
"276";1;164100
"277";1;55000
"278";1;206300
"279";1;422000
"280";1;218400
"281";1;500001
"282";1;175300
"283";1;196000
"284";1;334100
"285";1;129200
"286";1;105200
"287";1;193800
"288";1;379600
"289";1;142000
"290";1;94800
"291";1;391800
"292";1;85400
"293";1;229000
"294";1;344700
"295";1;117300
"296";1;133300
"297";1;367000
"298";1;61200
"299";1;350000
"300";1;128600
"301";1;107500
"302";1;145400
"303";1;237500
"304";1;313300
"305";1;145900
"306";1;175000
"307";1;306400
"308";1;404500
"309";1;379100
"310";1;152500
"311";1;500001
"312";1;93400
"313";1;1e+05
"314";1;255900
"315";1;85100
"316";1;357500
"317";1;55500
"318";1;241200
"319";1;129900
"320";1;154200
"321";1;360900
"322";1;161500
"323";1;284100
"324";1;231600
"325";1;225700
"326";1;410400
"327";1;69100
"328";1;426800
"329";1;60600
"330";1;67700
"331";1;65800
"332";1;115200
"333";1;38800
"334";1;500001
"335";1;57500
"336";1;46200
"337";1;470800
"338";1;53500
"339";1;199300
"340";1;167800
"341";1;221400
"342";1;500001
"343";1;91700
"344";1;117100
"345";1;150800
"346";1;500001
"347";1;69600
"348";1;248700
"349";1;139200
"350";1;365300
"351";1;187500
"352";1;45300
"353";1;283800
"354";1;183200
"355";1;158700
"356";1;63100
"357";1;181000
"358";1;57400
"359";1;179800
"360";1;500001
"361";1;500001
"362";1;215300
"363";1;156800
"364";1;91300
"365";1;143700
"366";1;81000
"367";1;424400
"368";1;289600
"369";1;286500
"370";1;142900
"371";1;175000
"372";1;73000
"373";1;204800
"374";1;283300
"375";1;217000
"376";1;296200
"377";1;325700
"378";1;116500
"379";1;363900
"380";1;244800
"381";1;240000
"382";1;87100
"383";1;205600
"384";1;154800
"385";1;151300
"386";1;354000
"387";1;85400
"388";1;110400
"389";1;57600
"390";1;289100
"391";1;500001
"392";1;187500
"393";1;111200
"394";1;253000
"395";1;119200
"396";1;265200
"397";1;81300
"398";1;209100
"399";1;4e+05
"400";1;203100
"401";1;286500
"402";1;53000
"403";1;170000
"404";1;52100
"405";1;66100
"406";1;271500
"407";1;429100
"408";1;225000
"409";1;187500
"410";1;325900
"411";1;317100
"412";1;204300
"413";1;500001
"414";1;225000
"415";1;87000
"416";1;110200
"417";1;155400
"418";1;168800
"419";1;158200
"420";1;140900
"421";1;168100
"422";1;500001
"423";1;61500
"424";1;100200
"425";1;2e+05
"426";1;98400
"427";1;214900
"428";1;134600
"429";1;65400
"430";1;275100
"431";1;82800
"432";1;4e+05
"433";1;474100
"434";1;108100
"435";1;137500
"436";1;139600
"437";1;206300
"438";1;202300
"439";1;237500
"440";1;89600
"441";1;183900
"442";1;334400
"443";1;258600
"444";1;5e+05
"445";1;215200
"446";1;161300
"447";1;111400
"448";1;167800
"449";1;138100
"450";1;130800
"451";1;314200
"452";1;219000
"453";1;223900
"454";1;113600
"455";1;71200
"456";1;136000
"457";1;133700
"458";1;268000
"459";1;28300
"460";1;274400
"461";1;95700
"462";1;122100
"463";1;49000
"464";1;141900
"465";1;427500
"466";1;119300
"467";1;225000
"468";1;78800
"469";1;244000
"470";1;340000
"471";1;108300
"472";1;111800
"473";1;234700
"474";1;263600
"475";1;70000
"476";1;273800
"477";1;142600
"478";1;256700
"479";1;89200
"480";1;121900
"481";1;121600
"482";1;289800
"483";1;293900
"484";1;97400
"485";1;117400
"486";1;263600
"487";1;113100
"488";1;126300
"489";1;341400
"490";1;71500
"491";1;61600
"492";1;245000
"493";1;184200
"494";1;412500
"495";1;166100
"496";1;137500
"497";1;87500
"498";1;56800
"499";1;180400
"500";1;213000
"501";1;55500
"502";1;145300
"503";1;238000
"504";1;90600
"505";1;74500
"506";1;164500
"507";1;50800
"508";1;234800
"509";1;133700
"510";1;145000
"511";1;280000
"512";1;101800
"513";1;62000
"514";1;137500
"515";1;146700
"516";1;500001
"517";1;64600
"518";1;500001
"519";1;138100
"520";1;178400
"521";1;194100
"522";1;169900
"523";1;282600
"524";1;267000
"525";1;267500
"526";1;174400
"527";1;230100
"528";1;120800
"529";1;238700
"530";1;88600
"531";1;137500
"532";1;90700
"533";1;111500
"534";1;159400
"535";1;323100
"536";1;85900
"537";1;133000
"538";1;65000
"539";1;84700
"540";1;253600
"541";1;259800
"542";1;136900
"543";1;225000
"544";1;272200
"545";1;123500
"546";1;81300
"547";1;93800
"548";1;120400
"549";1;99500
"550";1;60900
"551";1;184000
"552";1;103100
"553";1;54600
"554";1;218800
"555";1;159600
"556";1;78300
"557";1;130800
"558";1;62900
"559";1;500001
"560";1;245200
"561";1;227100
"562";1;337300
"563";1;73000
"564";1;43000
"565";1;74200
"566";1;235600
"567";1;197000
"568";1;85700
"569";1;95500
"570";1;84300
"571";1;144300
"572";1;119200
"573";1;207400
"574";1;81300
"575";1;426000
"576";1;123200
"577";1;127900
"578";1;117000
"579";1;291200
"580";1;312300
"581";1;125000
"582";1;191300
"583";1;228000
"584";1;180700
"585";1;86500
"586";1;139200
"587";1;500001
"588";1;184600
"589";1;68900
"590";1;395000
"591";1;160000
"592";1;273300
"593";1;93800
"594";1;94300
"595";1;144800
"596";1;215400
"597";1;1e+05
"598";1;219500
"599";1;183800
"600";1;130300
"601";1;253500
"602";1;384600
"603";1;136900
"604";1;174400
"605";1;80600
"606";1;50600
"607";1;175500
"608";1;199500
"609";1;276500
"610";1;356300
"611";1;144300
"612";1;93600
"613";1;97600
"614";1;201300
"615";1;241700
"616";1;109600
"617";1;500001
"618";1;431900
"619";1;74600
"620";1;160400
"621";1;153800
"622";1;240800
"623";1;191700
"624";1;125000
"625";1;57000
"626";1;414800
"627";1;144700
"628";1;275000
"629";1;109400
"630";1;118300
"631";1;87500
"632";1;293800
"633";1;68400
"634";1;350000
"635";1;278500
"636";1;166500
"637";1;67500
"638";1;193500
"639";1;450000
"640";1;320800
"641";1;262900
"642";1;162500
"643";1;206700
"644";1;500001
"645";1;137200
"646";1;346100
"647";1;252200
"648";1;263900
"649";1;228000
"650";1;74800
"651";1;116500
"652";1;111500
"653";1;148300
"654";1;255200
"655";1;104200
"656";1;121900
"657";1;349100
"658";1;336900
"659";1;179700
"660";1;202400
"661";1;433300
"662";1;234700
"663";1;276500
"664";1;182100
"665";1;55900
"666";1;164900
"667";1;162400
"668";1;281300
"669";1;62300
"670";1;112500
"671";1;51800
"672";1;136600
"673";1;216800
"674";1;84400
"675";1;330500
"676";1;344200
"677";1;263800
"678";1;113400
"679";1;156700
"680";1;500001
"681";1;87100
"682";1;186600
"683";1;207100
"684";1;86100
"685";1;92200
"686";1;108300
"687";1;302100
"688";1;79000
"689";1;162900
"690";1;59300
"691";1;176900
"692";1;264200
"693";1;340100
"694";1;202900
"695";1;192700
"696";1;87200
"697";1;71200
"698";1;352900
"699";1;331600
"700";1;145800
"701";1;84600
"702";1;132200
"703";1;170800
"704";1;92900
"705";1;293000
"706";1;404700
"707";1;174100
"708";1;153400
"709";1;73400
"710";1;237500
"711";1;136500
"712";1;136400
"713";1;288400
"714";1;113100
"715";1;111300
"716";1;65300
"717";1;332400
"718";1;131700
"719";1;85000
"720";1;150200
"721";1;311800
"722";1;184100
"723";1;279900
"724";1;145200
"725";1;213300
"726";1;124100
"727";1;97500
"728";1;69200
"729";1;65200
"730";1;234200
"731";1;500001
"732";1;89500
"733";1;247400
"734";1;142300
"735";1;201300
"736";1;177700
"737";1;500001
"738";1;164900
"739";1;95300
"740";1;225000
"741";1;206300
"742";1;205400
"743";1;41700
"744";1;74100
"745";1;241700
"746";1;119100
"747";1;317700
"748";1;167600
"749";1;232700
"750";1;86200
"751";1;190700
"752";1;162100
"753";1;138200
"754";1;93400
"755";1;224200
"756";1;90300
"757";1;212500
"758";1;188400
"759";1;219500
"760";1;162500
"761";1;196600
"762";1;149700
"763";1;396200
"764";1;264200
"765";1;196600
"766";1;343600
"767";1;46800
"768";1;160900
"769";1;199600
"770";1;183400
"771";1;220600
"772";1;500001
"773";1;136200
"774";1;65100
"775";1;71900
"776";1;500001
"777";1;214100
"778";1;190900
"779";1;270800
"780";1;219400
"781";1;174100
"782";1;235600
"783";1;240000
"784";1;267500
"785";1;180600
"786";1;96400
"787";1;106700
"788";1;500001
"789";1;466700
"790";1;240700
"791";1;170200
"792";1;156600
"793";1;177600
"794";1;404500
"795";1;97000
"796";1;500001
"797";1;99500
"798";1;287900
"799";1;105300
"800";1;116400
"801";1;98000
"802";1;274600
"803";1;500001
"804";1;191500
"805";1;112500
"806";1;71200
"807";1;81800
"808";1;314200
"809";1;396700
"810";1;133600
"811";1;198800
"812";1;97500
"813";1;70200
"814";1;223600
"815";1;169400
"816";1;125200
"817";1;392400
"818";1;69700
"819";1;147300
"820";1;500001
"821";1;169400
"822";1;113700
"823";1;216700
"824";1;167200
"825";1;381800
"826";1;106500
"827";1;65200
"828";1;187600
"829";1;178000
"830";1;153100
"831";1;146300
"832";1;98900
"833";1;283300
"834";1;70500
"835";1;310900
"836";1;123800
"837";1;193600
"838";1;199800
"839";1;116000
"840";1;218900
"841";1;103500
"842";1;197600
"843";1;148800
"844";1;100800
"845";1;146100
"846";1;118800
"847";1;215900
"848";1;152400
"849";1;82100
"850";1;76400
"851";1;34200
"852";1;151800
"853";1;500001
"854";1;327900
"855";1;290900
"856";1;164600
"857";1;253700
"858";1;158500
"859";1;240600
"860";1;175000
"861";1;1e+05
"862";1;478400
"863";1;219200
"864";1;172100
"865";1;127000
"866";1;483600
"867";1;335900
"868";1;500001
"869";1;83300
"870";1;168300
"871";1;163200
"872";1;325000
"873";1;159500
"874";1;323800
"875";1;226700
"876";1;247500
"877";1;240300
"878";1;262500
"879";1;228400
"880";1;339600
"881";1;190400
"882";1;78100
"883";1;500001
"884";1;135900
"885";1;171300
"886";1;204200
"887";1;222100
"888";1;244800
"889";1;366700
"890";1;166300
"891";1;62300
"892";1;307700
"893";1;295300
"894";1;189100
"895";1;228600
"896";1;308900
"897";1;231600
"898";1;203800
"899";1;164700
"900";1;165400
"901";1;359700
"902";1;102000
"903";1;500001
"904";1;336200
"905";1;180000
"906";1;260500
"907";1;369900
"908";1;143400
"909";1;212400
"910";1;204000
"911";1;89600
"912";1;279900
"913";1;94900
"914";1;111200
"915";1;137300
"916";1;425000
"917";1;500001
"918";1;66300
"919";1;313000
"920";1;500001
"921";1;500001
"922";1;500001
"923";1;276100
"924";1;128500
"925";1;316700
"926";1;105800
"927";1;116500
"928";1;376200
"929";1;90500
"930";1;147900
"931";1;63300
"932";1;414700
"933";1;139100
"934";1;500001
"935";1;125800
"936";1;69300
"937";1;117100
"938";1;146900
"939";1;233000
"940";1;167600
"941";1;120800
"942";1;271300
"943";1;168800
"944";1;209200
"945";1;269700
"946";1;79200
"947";1;186000
"948";1;82500
"949";1;123400
"950";1;101400
"951";1;108300
"952";1;183900
"953";1;225600
"954";1;264300
"955";1;139700
"956";1;331000
"957";1;271800
"958";1;166900
"959";1;178900
"960";1;273800
"961";1;202200
"962";1;500001
"963";1;450000
"964";1;137500
"965";1;350000
"966";1;328800
"967";1;184500
"968";1;212500
"969";1;129200
"970";1;72500
"971";1;98300
"972";1;118300
"973";1;165500
"974";1;146900
"975";1;189300
"976";1;266000
"977";1;160500
"978";1;242900
"979";1;209200
"980";1;240700
"981";1;120800
"982";1;179600
"983";1;154800
"984";1;322300
"985";1;245700
"986";1;191600
"987";1;184200
"988";1;341800
"989";1;316100
"990";1;65700
"991";1;137300
"992";1;150400
"993";1;225000
"994";1;169400
"995";1;195100
"996";1;364800
"997";1;248100
"998";1;122700
"999";1;131100
"1000";1;261300
"1001";1;233900
"1002";1;4e+05
"1003";1;156700
"1004";1;159700
"1005";1;140600
"1006";1;203300
"1007";1;247900
"1008";1;425000
"1009";1;342900
"1010";1;86100
"1011";1;187900
"1012";1;113900
"1013";1;177900
"1014";1;281300
"1015";1;185400
"1016";1;62100
"1017";1;94600
"1018";1;208000
"1019";1;157300
"1020";1;219700
"1021";1;164500
"1022";1;356100
"1023";1;171000
"1024";1;88500
"1025";1;351900
"1026";1;308300
"1027";1;160900
"1028";1;149500
"1029";1;181300
"1030";1;85200
"1031";1;186400
"1032";1;333400
"1033";1;147200
"1034";1;53500
"1035";1;264900
"1036";1;267900
"1037";1;101800
"1038";1;93200
"1039";1;92400
"1040";1;83000
"1041";1;215200
"1042";1;251500
"1043";1;81700
"1044";1;226300
"1045";1;500001
"1046";1;73500
"1047";1;150900
"1048";1;500001
"1049";1;112500
"1050";1;157500
"1051";1;87300
"1052";1;211500
"1053";1;59300
"1054";1;187500
"1055";1;90500
"1056";1;414800
"1057";1;102800
"1058";1;149100
"1059";1;394000
"1060";1;155200
"1061";1;79200
"1062";1;457100
"1063";1;75800
"1064";1;500001
"1065";1;290600
"1066";1;149300
"1067";1;149300
"1068";1;252300
"1069";1;101500
"1070";1;94000
"1071";1;58500
"1072";1;212500
"1073";1;411300
"1074";1;83500
"1075";1;118800
"1076";1;417000
"1077";1;250800
"1078";1;461400
"1079";1;107000
"1080";1;71300
"1081";1;140600
"1082";1;266500
"1083";1;158700
"1084";1;160000
"1085";1;165800
"1086";1;164800
"1087";1;366700
"1088";1;232100
"1089";1;362500
"1090";1;172700
"1091";1;181500
"1092";1;73100
"1093";1;160000
"1094";1;209200
"1095";1;262400
"1096";1;252300
"1097";1;97100
"1098";1;167900
"1099";1;129200
"1100";1;267600
"1101";1;53000
"1102";1;280400
"1103";1;125500
"1104";1;207000
"1105";1;87500
"1106";1;141400
"1107";1;160300
"1108";1;81800
"1109";1;370100
"1110";1;269000
"1111";1;82100
"1112";1;110400
"1113";1;131700
"1114";1;131500
"1115";1;182100
"1116";1;142800
"1117";1;229400
"1118";1;292000
"1119";1;233200
"1120";1;119200
"1121";1;405400
"1122";1;150400
"1123";1;140300
"1124";1;184700
"1125";1;85200
"1126";1;269600
"1127";1;500001
"1128";1;27500
"1129";1;263600
"1130";1;231300
"1131";1;175300
"1132";1;500001
"1133";1;71400
"1134";1;191700
"1135";1;276300
"1136";1;284800
"1137";1;171900
"1138";1;141700
"1139";1;67500
"1140";1;47800
"1141";1;148500
"1142";1;235300
"1143";1;88200
"1144";1;47600
"1145";1;157900
"1146";1;137500
"1147";1;123400
"1148";1;344500
"1149";1;122700
"1150";1;235500
"1151";1;500001
"1152";1;57500
"1153";1;263300
"1154";1;143400
"1155";1;252800
"1156";1;500001
"1157";1;162500
"1158";1;69600
"1159";1;500001
"1160";1;46700
"1161";1;117800
"1162";1;2e+05
"1163";1;352100
"1164";1;208700
"1165";1;97500
"1166";1;128000
"1167";1;240000
"1168";1;156300
"1169";1;57800
"1170";1;247800
"1171";1;125700
"1172";1;330000
"1173";1;180900
"1174";1;89700
"1175";1;266000
"1176";1;97900
"1177";1;241400
"1178";1;196000
"1179";1;90000
"1180";1;125700
"1181";1;450000
"1182";1;334200
"1183";1;148900
"1184";1;167500
"1185";1;64900
"1186";1;94300
"1187";1;420000
"1188";1;345000
"1189";1;264900
"1190";1;162500
"1191";1;108900
"1192";1;261400
"1193";1;118400
"1194";1;170800
"1195";1;225000
"1196";1;229200
"1197";1;433300
"1198";1;95800
"1199";1;64700
"1200";1;141800
"1201";1;500001
"1202";1;94900
"1203";1;108900
"1204";1;57500
"1205";1;313700
"1206";1;187100
"1207";1;169300
"1208";1;232400
"1209";1;173200
"1210";1;84900
"1211";1;190400
"1212";1;76000
"1213";1;285400
"1214";1;1e+05
"1215";1;122300
"1216";1;55100
"1217";1;173900
"1218";1;401900
"1219";1;202800
"1220";1;270600
"1221";1;121200
"1222";1;251000
"1223";1;154200
"1224";1;242700
"1225";1;81300
"1226";1;344200
"1227";1;145000
"1228";1;251900
"1229";1;233700
"1230";1;231800
"1231";1;218900
"1232";1;224100
"1233";1;335500
"1234";1;132400
"1235";1;93300
"1236";1;241900
"1237";1;302000
"1238";1;50200
"1239";1;60600
"1240";1;128600
"1241";1;92500
"1242";1;193600
"1243";1;97700
"1244";1;227400
"1245";1;95300
"1246";1;92900
"1247";1;183200
"1248";1;225000
"1249";1;216700
"1250";1;159700
"1251";1;109700
"1252";1;409800
"1253";1;156900
"1254";1;197400
"1255";1;217100
"1256";1;42500
"1257";1;87500
"1258";1;355500
"1259";1;362600
"1260";1;164800
"1261";1;92700
"1262";1;222500
"1263";1;353900
"1264";1;67500
"1265";1;137500
"1266";1;63500
"1267";1;237500
"1268";1;57100
"1269";1;160400
"1270";1;2e+05
"1271";1;193800
"1272";1;168600
"1273";1;5e+05
"1274";1;251900
"1275";1;240800
"1276";1;245600
"1277";1;169300
"1278";1;113400
"1279";1;146800
"1280";1;500001
"1281";1;128100
"1282";1;357600
"1283";1;178100
"1284";1;142900
"1285";1;69400
"1286";1;500001
"1287";1;148300
"1288";1;73100
"1289";1;310800
"1290";1;369700
"1291";1;442000
"1292";1;109500
"1293";1;423400
"1294";1;205100
"1295";1;86300
"1296";1;145800
"1297";1;318600
"1298";1;85300
"1299";1;151400
"1300";1;139600
"1301";1;66800
"1302";1;55700
"1303";1;276200
"1304";1;137500
"1305";1;131200
"1306";1;67500
"1307";1;183800
"1308";1;159000
"1309";1;171900
"1310";1;146700
"1311";1;380100
"1312";1;139700
"1313";1;394600
"1314";1;199600
"1315";1;175900
"1316";1;137200
"1317";1;248500
"1318";1;224000
"1319";1;124100
"1320";1;79800
"1321";1;242900
"1322";1;378100
"1323";1;500001
"1324";1;139200
"1325";1;140600
"1326";1;499100
"1327";1;173200
"1328";1;166800
"1329";1;182900
"1330";1;170200
"1331";1;110600
"1332";1;237500
"1333";1;406200
"1334";1;177500
"1335";1;500001
"1336";1;112500
"1337";1;84300
"1338";1;327600
"1339";1;229100
"1340";1;309000
"1341";1;286400
"1342";1;146700
"1343";1;62000
"1344";1;326800
"1345";1;250000
"1346";1;96500
"1347";1;151700
"1348";1;295200
"1349";1;352100
"1350";1;500001
"1351";1;342400
"1352";1;187500
"1353";1;230700
"1354";1;67500
"1355";1;182300
"1356";1;237500
"1357";1;283800
"1358";1;113900
"1359";1;104200
"1360";1;96500
"1361";1;228500
"1362";1;174400
"1363";1;66900
"1364";1;118500
"1365";1;371000
"1366";1;133900
"1367";1;187500
"1368";1;202400
"1369";1;80200
"1370";1;500001
"1371";1;191700
"1372";1;140600
"1373";1;92600
"1374";1;239000
"1375";1;124700
"1376";1;164300
"1377";1;414700
"1378";1;106300
"1379";1;257100
"1380";1;254200
"1381";1;118000
"1382";1;151400
"1383";1;137500
"1384";1;193200
"1385";1;68500
"1386";1;393800
"1387";1;102600
"1388";1;66700
"1389";1;94200
"1390";1;127400
"1391";1;500001
"1392";1;166300
"1393";1;4e+05
"1394";1;149600
"1395";1;186500
"1396";1;217400
"1397";1;82000
"1398";1;162500
"1399";1;89800
"1400";1;158500
"1401";1;32500
"1402";1;260700
"1403";1;119800
"1404";1;259400
"1405";1;129000
"1406";1;456600
"1407";1;341800
"1408";1;208300
"1409";1;264000
"1410";1;185400
"1411";1;293200
"1412";1;227900
"1413";1;231400
"1414";1;237500
"1415";1;212500
"1416";1;350200
"1417";1;112500
"1418";1;390600
"1419";1;402500
"1420";1;52300
"1421";1;162500
"1422";1;172500
"1423";1;137500
"1424";1;107800
"1425";1;384400
"1426";1;115000
"1427";1;210000
"1428";1;136700
"1429";1;257900
"1430";1;213000
"1431";1;81300
"1432";1;88300
"1433";1;500001
"1434";1;162500
"1435";1;232800
"1436";1;366300
"1437";1;225000
"1438";1;167000
"1439";1;256300
"1440";1;90700
"1441";1;211800
"1442";1;66400
"1443";1;204300
"1444";1;321500
"1445";1;274600
"1446";1;94400
"1447";1;152500
"1448";1;348200
"1449";1;186100
"1450";1;357600
"1451";1;227600
"1452";1;240200
"1453";1;258300
"1454";1;278300
"1455";1;98700
"1456";1;62600
"1457";1;173200
"1458";1;145500
"1459";1;156400
"1460";1;123500
"1461";1;220800
"1462";1;90800
"1463";1;160800
"1464";1;204600
"1465";1;131700
"1466";1;208700
"1467";1;163200
"1468";1;187200
"1469";1;164300
"1470";1;209600
"1471";1;120800
"1472";1;500001
"1473";1;112900
"1474";1;133800
"1475";1;190200
"1476";1;212800
"1477";1;444700
"1478";1;162500
"1479";1;356700
"1480";1;500001
"1481";1;60300
"1482";1;70800
"1483";1;248400
"1484";1;88300
"1485";1;181300
"1486";1;194000
"1487";1;137000
"1488";1;235900
"1489";1;100500
"1490";1;189800
"1491";1;85700
"1492";1;396300
"1493";1;119800
"1494";1;303400
"1495";1;134500
"1496";1;377000
"1497";1;500001
"1498";1;500001
"1499";1;128100
"1500";1;500001
"1501";1;315600
"1502";1;105000
"1503";1;189100
"1504";1;209800
"1505";1;141500
"1506";1;161800
"1507";1;295100
"1508";1;217500
"1509";1;311300
"1510";1;253300
"1511";1;343900
"1512";1;387500
"1513";1;70500
"1514";1;173900
"1515";1;55600
"1516";1;153500
"1517";1;280200
"1518";1;166900
"1519";1;89200
"1520";1;135000
"1521";1;354500
"1522";1;127200
"1523";1;53100
"1524";1;205100
"1525";1;77200
"1526";1;500001
"1527";1;240000
"1528";1;286600
"1529";1;72600
"1530";1;306700
"1531";1;227800
"1532";1;215600
"1533";1;135200
"1534";1;222400
"1535";1;500001
"1536";1;261000
"1537";1;266700
"1538";1;355000
"1539";1;206300
"1540";1;160100
"1541";1;148200
"1542";1;262500
"1543";1;104200
"1544";1;106300
"1545";1;413100
"1546";1;136300
"1547";1;200200
"1548";1;112500
"1549";1;168500
"1550";1;347500
"1551";1;224100
"1552";1;407200
"1553";1;142700
"1554";1;130500
"1555";1;214200
"1556";1;25000
"1557";1;223700
"1558";1;70200
"1559";1;298500
"1560";1;177500
"1561";1;162500
"1562";1;163200
"1563";1;176700
"1564";1;248700
"1565";1;77400
"1566";1;220300
"1567";1;430800
"1568";1;86700
"1569";1;353600
"1570";1;143200
"1571";1;67500
"1572";1;111300
"1573";1;320900
"1574";1;188100
"1575";1;143600
"1576";1;74100
"1577";1;500001
"1578";1;155000
"1579";1;254500
"1580";1;143700
"1581";1;92500
"1582";1;374500
"1583";1;2e+05
"1584";1;207400
"1585";1;111400
"1586";1;500001
"1587";1;146400
"1588";1;162400
"1589";1;151900
"1590";1;269900
"1591";1;476400
"1592";1;58600
"1593";1;272700
"1594";1;208300
"1595";1;205400
"1596";1;108000
"1597";1;268200
"1598";1;150000
"1599";1;120100
"1600";1;189900
"1601";1;113600
"1602";1;318300
"1603";1;82100
"1604";1;187500
"1605";1;137200
"1606";1;243100
"1607";1;500001
"1608";1;238000
"1609";1;200400
"1610";1;116200
"1611";1;158300
"1612";1;213300
"1613";1;224700
"1614";1;216700
"1615";1;115700
"1616";1;164900
"1617";1;3e+05
"1618";1;132000
"1619";1;214200
"1620";1;256300
"1621";1;93300
"1622";1;150400
"1623";1;290500
"1624";1;50000
"1625";1;167300
"1626";1;1e+05
"1627";1;269000
"1628";1;350000
"1629";1;181900
"1630";1;117900
"1631";1;119600
"1632";1;324600
"1633";1;223800
"1634";1;105000
"1635";1;151500
"1636";1;199200
"1637";1;164800
"1638";1;137500
"1639";1;150300
"1640";1;118800
"1641";1;500001
"1642";1;97800
"1643";1;280000
"1644";1;500001
"1645";1;373700
"1646";1;105400
"1647";1;115600
"1648";1;315000
"1649";1;137500
"1650";1;89200
"1651";1;134200
"1652";1;316700
"1653";1;65000
"1654";1;134600
"1655";1;163000
"1656";1;317700
"1657";1;337400
"1658";1;48500
"1659";1;367600
"1660";1;500001
"1661";1;266700
"1662";1;69400
"1663";1;258600
"1664";1;227300
"1665";1;98900
"1666";1;74100
"1667";1;163900
"1668";1;154000
"1669";1;195700
"1670";1;102100
"1671";1;98100
"1672";1;192300
"1673";1;79400
"1674";1;154200
"1675";1;193800
"1676";1;54300
"1677";1;500001
"1678";1;278600
"1679";1;64400
"1680";1;54600
"1681";1;99300
"1682";1;245400
"1683";1;274200
"1684";1;247000
"1685";1;266200
"1686";1;296600
"1687";1;246900
"1688";1;58800
"1689";1;121400
"1690";1;142500
"1691";1;285300
"1692";1;277000
"1693";1;90500
"1694";1;51900
"1695";1;175100
"1696";1;167600
"1697";1;173800
"1698";1;217100
"1699";1;347800
"1700";1;207800
"1701";1;100600
"1702";1;120800
"1703";1;207800
"1704";1;153300
"1705";1;87900
"1706";1;353600
"1707";1;182600
"1708";1;134200
"1709";1;152700
"1710";1;87500
"1711";1;186800
"1712";1;205700
"1713";1;200300
"1714";1;48700
"1715";1;294700
"1716";1;96100
"1717";1;178200
"1718";1;141000
"1719";1;84200
"1720";1;185700
"1721";1;246900
"1722";1;292700
"1723";1;286100
"1724";1;61900
"1725";1;325200
"1726";1;318900
"1727";1;500001
"1728";1;500001
"1729";1;67500
"1730";1;334800
"1731";1;52500
"1732";1;148900
"1733";1;456500
"1734";1;203700
"1735";1;188500
"1736";1;255100
"1737";1;130300
"1738";1;60000
"1739";1;147400
"1740";1;163500
"1741";1;87800
"1742";1;287600
"1743";1;99500
"1744";1;261500
"1745";1;168900
"1746";1;364900
"1747";1;365100
"1748";1;255400
"1749";1;3e+05
"1750";1;116700
"1751";1;500001
"1752";1;129700
"1753";1;368500
"1754";1;83600
"1755";1;55800
"1756";1;446200
"1757";1;217900
"1758";1;343100
"1759";1;500001
"1760";1;192000
"1761";1;61500
"1762";1;122500
"1763";1;218500
"1764";1;70100
"1765";1;146400
"1766";1;500001
"1767";1;350000
"1768";1;208900
"1769";1;267700
"1770";1;278000
"1771";1;87200
"1772";1;75800
"1773";1;281800
"1774";1;169200
"1775";1;127700
"1776";1;288900
"1777";1;111300
"1778";1;226200
"1779";1;152500
"1780";1;83300
"1781";1;259400
"1782";1;251600
"1783";1;476700
"1784";1;276600
"1785";1;239200
"1786";1;258900
"1787";1;264100
"1788";1;222600
"1789";1;1e+05
"1790";1;273000
"1791";1;202900
"1792";1;159400
"1793";1;195700
"1794";1;500001
"1795";1;80100
"1796";1;114100
"1797";1;151900
"1798";1;255400
"1799";1;43800
"1800";1;117200
"1801";1;98300
"1802";1;156300
"1803";1;262500
"1804";1;165700
"1805";1;194800
"1806";1;232500
"1807";1;150000
"1808";1;211700
"1809";1;265000
"1810";1;118800
"1811";1;228600
"1812";1;280300
"1813";1;197900
"1814";1;248900
"1815";1;244500
"1816";1;349600
"1817";1;115300
"1818";1;117600
"1819";1;254900
"1820";1;241100
"1821";1;500001
"1822";1;222800
"1823";1;305000
"1824";1;500001
"1825";1;269300
"1826";1;228500
"1827";1;128100
"1828";1;177700
"1829";1;359100
"1830";1;241400
"1831";1;199300
"1832";1;39400
"1833";1;61500
"1834";1;254500
"1835";1;184300
"1836";1;500001
"1837";1;247700
"1838";1;91700
"1839";1;500001
"1840";1;142600
"1841";1;336000
"1842";1;93300
"1843";1;340800
"1844";1;158300
"1845";1;182700
"1846";1;42100
"1847";1;192400
"1848";1;230000
"1849";1;375000
"1850";1;342400
"1851";1;85000
"1852";1;359900
"1853";1;242100
"1854";1;156300
"1855";1;119800
"1856";1;314900
"1857";1;157800
"1858";1;500001
"1859";1;88500
"1860";1;170500
"1861";1;202900
"1862";1;305600
"1863";1;171100
"1864";1;265000
"1865";1;115500
"1866";1;420800
"1867";1;191700
"1868";1;366100
"1869";1;99000
"1870";1;94600
"1871";1;410000
"1872";1;217700
"1873";1;182500
"1874";1;202300
"1875";1;63800
"1876";1;137500
"1877";1;130400
"1878";1;64100
"1879";1;214200
"1880";1;286500
"1881";1;199000
"1882";1;86400
"1883";1;97400
"1884";1;59800
"1885";1;187500
"1886";1;500001
"1887";1;273500
"1888";1;277900
"1889";1;293000
"1890";1;69000
"1891";1;320000
"1892";1;258000
"1893";1;182700
"1894";1;82800
"1895";1;190000
"1896";1;277300
"1897";1;300300
"1898";1;292900
"1899";1;351800
"1900";1;120200
"1901";1;143800
"1902";1;213200
"1903";1;263800
"1904";1;500001
"1905";1;152600
"1906";1;206100
"1907";1;113900
"1908";1;187500
"1909";1;56700
"1910";1;354700
"1911";1;131100
"1912";1;131900
"1913";1;179000
"1914";1;87500
"1915";1;106000
"1916";1;156000
"1917";1;375000
"1918";1;55000
"1919";1;208300
"1920";1;279800
"1921";1;318100
"1922";1;244300
"1923";1;243800
"1924";1;176100
"1925";1;178700
"1926";1;240300
"1927";1;156300
"1928";1;194300
"1929";1;117500
"1930";1;284800
"1931";1;32900
"1932";1;254200
"1933";1;160900
"1934";1;500001
"1935";1;50500
"1936";1;97000
"1937";1;196400
"1938";1;450000
"1939";1;73300
"1940";1;326300
"1941";1;425500
"1942";1;137300
"1943";1;59200
"1944";1;335700
"1945";1;85300
"1946";1;399300
"1947";1;208600
"1948";1;241900
"1949";1;183300
"1950";1;324400
"1951";1;236500
"1952";1;182700
"1953";1;165000
"1954";1;378200
"1955";1;138200
"1956";1;303100
"1957";1;178100
"1958";1;1e+05
"1959";1;146100
"1960";1;147900
"1961";1;460400
"1962";1;109900
"1963";1;111300
"1964";1;500001
"1965";1;69100
"1966";1;317900
"1967";1;236500
"1968";1;186000
"1969";1;459200
"1970";1;114900
"1971";1;207200
"1972";1;500001
"1973";1;170100
"1974";1;297400
"1975";1;382100
"1976";1;119800
"1977";1;81600
"1978";1;109500
"1979";1;198200
"1980";1;175900
"1981";1;60000
"1982";1;55000
"1983";1;152500
"1984";1;340000
"1985";1;223900
"1986";1;90900
"1987";1;186900
"1988";1;108300
"1989";1;500001
"1990";1;65300
"1991";1;339700
"1992";1;169000
"1993";1;378100
"1994";1;95600
"1995";1;262500
"1996";1;160100
"1997";1;118100
"1998";1;310000
"1999";1;500001
"2000";1;237900
"2001";1;262900
"2002";1;1e+05
"2003";1;336100
"2004";1;169500
"2005";1;96900
"2006";1;111500
"2007";1;500001
"2008";1;500001
"2009";1;161200
"2010";1;53000
"2011";1;164100
"2012";1;148900
"2013";1;336500
"2014";1;277000
"2015";1;111400
"2016";1;276500
"2017";1;229700
"2018";1;68300
"2019";1;118800
"2020";1;221900
"2021";1;90500
"2022";1;179700
"2023";1;121300
"2024";1;93400
"2025";1;244500
"2026";1;2e+05
"2027";1;161200
"2028";1;336700
"2029";1;85600
"2030";1;114100
"2031";1;49400
"2032";1;344100
"2033";1;320800
"2034";1;470000
"2035";1;362500
"2036";1;72200
"2037";1;95300
"2038";1;248100
"2039";1;137500
"2040";1;341700
"2041";1;65600
"2042";1;222700
"2043";1;169100
"2044";1;192100
"2045";1;219400
"2046";1;158500
"2047";1;233900
"2048";1;59600
"2049";1;500001
"2050";1;465000
"2051";1;161300
"2052";1;286500
"2053";1;121400
"2054";1;173400
"2055";1;447300
"2056";1;88900
"2057";1;199200
"2058";1;294000
"2059";1;85900
"2060";1;86200
"2061";1;114100
"2062";1;247900
"2063";1;191100
"2064";1;190100
"2065";1;123400
"2066";1;69500
"2067";1;165700
"2068";1;109900
"2069";1;350000
"2070";1;500001
"2071";1;92400
"2072";1;433300
"2073";1;261900
"2074";1;136100
"2075";1;275000
"2076";1;74000
"2077";1;239200
"2078";1;80700
"2079";1;104300
"2080";1;168800
"2081";1;135100
"2082";1;179200
"2083";1;218600
"2084";1;500001
"2085";1;224200
"2086";1;217600
"2087";1;188700
"2088";1;104400
"2089";1;205000
"2090";1;307400
"2091";1;405800
"2092";1;350200
"2093";1;229300
"2094";1;202100
"2095";1;500001
"2096";1;52600
"2097";1;118400
"2098";1;342400
"2099";1;153400
"2100";1;103700
"2101";1;411200
"2102";1;88200
"2103";1;181900
"2104";1;164600
"2105";1;112500
"2106";1;394200
"2107";1;284600
"2108";1;450000
"2109";1;253600
"2110";1;78800
"2111";1;336500
"2112";1;75800
"2113";1;144600
"2114";1;109400
"2115";1;109700
"2116";1;47500
"2117";1;82800
"2118";1;227800
"2119";1;180000
"2120";1;178400
"2121";1;181000
"2122";1;91100
"2123";1;206500
"2124";1;150000
"2125";1;234600
"2126";1;500001
"2127";1;57000
"2128";1;75000
"2129";1;307000
"2130";1;54200
"2131";1;271700
"2132";1;170600
"2133";1;208100
"2134";1;318500
"2135";1;376900
"2136";1;230900
"2137";1;223900
"2138";1;280200
"2139";1;417300
"2140";1;58200
"2141";1;128400
"2142";1;160700
"2143";1;158900
"2144";1;93500
"2145";1;500001
"2146";1;183300
"2147";1;218400
"2148";1;138500
"2149";1;268100
"2150";1;236200
"2151";1;161800
"2152";1;338900
"2153";1;79000
"2154";1;125800
"2155";1;73600
"2156";1;182500
"2157";1;215600
"2158";1;181300
"2159";1;68200
"2160";1;194700
"2161";1;500001
"2162";1;84700
"2163";1;414700
"2164";1;222200
"2165";1;145200
"2166";1;177900
"2167";1;137500
"2168";1;135500
"2169";1;184400
"2170";1;297800
"2171";1;130800
"2172";1;76500
"2173";1;129200
"2174";1;236700
"2175";1;273400
"2176";1;110200
"2177";1;219200
"2178";1;332700
"2179";1;280300
"2180";1;500001
"2181";1;105100
"2182";1;83400
"2183";1;426900
"2184";1;169600
"2185";1;135600
"2186";1;178500
"2187";1;275000
"2188";1;166700
"2189";1;500001
"2190";1;326400
"2191";1;54400
"2192";1;259300
"2193";1;500001
"2194";1;188700
"2195";1;77100
"2196";1;355600
"2197";1;289400
"2198";1;195500
"2199";1;110200
"2200";1;269000
"2201";1;125200
"2202";1;187500
"2203";1;158300
"2204";1;114100
"2205";1;55000
"2206";1;145000
"2207";1;188200
"2208";1;137500
"2209";1;292900
"2210";1;500001
"2211";1;85900
"2212";1;157500
"2213";1;163900
"2214";1;136700
"2215";1;279900
"2216";1;280000
"2217";1;140500
"2218";1;218300
"2219";1;184100
"2220";1;250300
"2221";1;229600
"2222";1;139800
"2223";1;173200
"2224";1;438000
"2225";1;183800
"2226";1;301600
"2227";1;155900
"2228";1;242000
"2229";1;411100
"2230";1;145500
"2231";1;275000
"2232";1;296600
"2233";1;181600
"2234";1;115400
"2235";1;239600
"2236";1;438500
"2237";1;338200
"2238";1;456100
"2239";1;123200
"2240";1;217800
"2241";1;2e+05
"2242";1;193100
"2243";1;144400
"2244";1;125000
"2245";1;105600
"2246";1;227600
"2247";1;123600
"2248";1;185700
"2249";1;141200
"2250";1;325000
"2251";1;164900
"2252";1;148800
"2253";1;98400
"2254";1;67500
"2255";1;146600
"2256";1;147800
"2257";1;321900
"2258";1;126600
"2259";1;233700
"2260";1;266000
"2261";1;150000
"2262";1;371900
"2263";1;193800
"2264";1;187500
"2265";1;257800
"2266";1;157100
"2267";1;123100
"2268";1;269700
"2269";1;225600
"2270";1;175400
"2271";1;500001
"2272";1;147200
"2273";1;253000
"2274";1;67800
"2275";1;500001
"2276";1;179000
"2277";1;3e+05
"2278";1;237500
"2279";1;370000
"2280";1;250000
"2281";1;185600
"2282";1;264700
"2283";1;186700
"2284";1;243600
"2285";1;312500
"2286";1;316000
"2287";1;242700
"2288";1;199700
"2289";1;161400
"2290";1;108300
"2291";1;66100
"2292";1;213200
"2293";1;281100
"2294";1;3e+05
"2295";1;110400
"2296";1;240900
"2297";1;161900
"2298";1;265000
"2299";1;220500
"2300";1;285200
"2301";1;189700
"2302";1;159200
"2303";1;142500
"2304";1;248700
"2305";1;301800
"2306";1;438300
"2307";1;185000
"2308";1;159400
"2309";1;213900
"2310";1;85900
"2311";1;158700
"2312";1;267700
"2313";1;272300
"2314";1;226700
"2315";1;276000
"2316";1;101800
"2317";1;138800
"2318";1;282200
"2319";1;72200
"2320";1;185600
"2321";1;50700
"2322";1;417800
"2323";1;180400
"2324";1;59800
"2325";1;185300
"2326";1;289400
"2327";1;198000
"2328";1;193800
"2329";1;500001
"2330";1;82200
"2331";1;266700
"2332";1;275000
"2333";1;182100
"2334";1;264500
"2335";1;48300
"2336";1;382400
"2337";1;69400
"2338";1;130100
"2339";1;129200
"2340";1;2e+05
"2341";1;174400
"2342";1;245100
"2343";1;181300
"2344";1;52100
"2345";1;139100
"2346";1;191000
"2347";1;108300
"2348";1;170800
"2349";1;243400
"2350";1;196900
"2351";1;139600
"2352";1;480800
"2353";1;110400
"2354";1;373400
"2355";1;103400
"2356";1;291700
"2357";1;74800
"2358";1;252800
"2359";1;240800
"2360";1;53100
"2361";1;192400
"2362";1;181700
"2363";1;236400
"2364";1;149300
"2365";1;326700
"2366";1;251300
"2367";1;162500
"2368";1;129200
"2369";1;123600
"2370";1;130900
"2371";1;201700
"2372";1;500001
"2373";1;461300
"2374";1;145700
"2375";1;239900
"2376";1;159100
"2377";1;422900
"2378";1;136400
"2379";1;201800
"2380";1;305800
"2381";1;144600
"2382";1;181800
"2383";1;73800
"2384";1;116700
"2385";1;185100
"2386";1;114800
"2387";1;138100
"2388";1;203200
"2389";1;149800
"2390";1;430500
"2391";1;277600
"2392";1;246700
"2393";1;265800
"2394";1;65500
"2395";1;160600
"2396";1;105400
"2397";1;189300
"2398";1;219800
"2399";1;122700
"2400";1;90300
"2401";1;159800
"2402";1;243800
"2403";1;81900
"2404";1;174200
"2405";1;311700
"2406";1;463600
"2407";1;209900
"2408";1;225000
"2409";1;211000
"2410";1;101600
"2411";1;334000
"2412";1;89600
"2413";1;252200
"2414";1;254200
"2415";1;193800
"2416";1;129700
"2417";1;242900
"2418";1;183100
"2419";1;333700
"2420";1;188000
"2421";1;90300
"2422";1;76900
"2423";1;116700
"2424";1;58700
"2425";1;48600
"2426";1;310300
"2427";1;194000
"2428";1;270000
"2429";1;174500
"2430";1;57500
"2431";1;130600
"2432";1;137500
"2433";1;244900
"2434";1;49500
"2435";1;58800
"2436";1;283300
"2437";1;211100
"2438";1;198000
"2439";1;162800
"2440";1;245900
"2441";1;156900
"2442";1;57000
"2443";1;233900
"2444";1;168800
"2445";1;78800
"2446";1;64700
"2447";1;232100
"2448";1;181100
"2449";1;203900
"2450";1;290700
"2451";1;382500
"2452";1;45000
"2453";1;68900
"2454";1;206300
"2455";1;358000
"2456";1;133600
"2457";1;84200
"2458";1;72500
"2459";1;136600
"2460";1;174000
"2461";1;278800
"2462";1;82000
"2463";1;298400
"2464";1;473400
"2465";1;121100
"2466";1;157100
"2467";1;198800
"2468";1;227700
"2469";1;135200
"2470";1;241400
"2471";1;185700
"2472";1;275000
"2473";1;187500
"2474";1;177200
"2475";1;193700
"2476";1;212200
"2477";1;267800
"2478";1;500001
"2479";1;319500
"2480";1;318700
"2481";1;170000
"2482";1;86100
"2483";1;162500
"2484";1;163100
"2485";1;238600
"2486";1;171600
"2487";1;286200
"2488";1;244400
"2489";1;160000
"2490";1;175000
"2491";1;85400
"2492";1;144600
"2493";1;144500
"2494";1;334900
"2495";1;341500
"2496";1;285000
"2497";1;101100
"2498";1;148700
"2499";1;153000
"2500";1;187500
"2501";1;226000
"2502";1;82500
"2503";1;272900
"2504";1;161900
"2505";1;86100
"2506";1;192900
"2507";1;175200
"2508";1;133000
"2509";1;227500
"2510";1;171100
"2511";1;150500
"2512";1;288300
"2513";1;275000
"2514";1;171600
"2515";1;160700
"2516";1;73900
"2517";1;225200
"2518";1;97200
"2519";1;216500
"2520";1;360900
"2521";1;232900
"2522";1;314900
"2523";1;500001
"2524";1;349900
"2525";1;232400
"2526";1;500001
"2527";1;401700
"2528";1;418400
"2529";1;143200
"2530";1;158500
"2531";1;236800
"2532";1;162700
"2533";1;315600
"2534";1;187500
"2535";1;219400
"2536";1;212500
"2537";1;134400
"2538";1;193500
"2539";1;161500
"2540";1;229100
"2541";1;105800
"2542";1;224200
"2543";1;66400
"2544";1;80800
"2545";1;62100
"2546";1;500001
"2547";1;184800
"2548";1;125500
"2549";1;182000
"2550";1;168000
"2551";1;280800
"2552";1;170500
"2553";1;420600
"2554";1;272500
"2555";1;160500
"2556";1;139600
"2557";1;391200
"2558";1;123400
"2559";1;103800
"2560";1;223100
"2561";1;342600
"2562";1;118100
"2563";1;179800
"2564";1;141300
"2565";1;178500
"2566";1;83500
"2567";1;500001
"2568";1;335500
"2569";1;252400
"2570";1;166300
"2571";1;69600
"2572";1;272600
"2573";1;275000
"2574";1;147900
"2575";1;218800
"2576";1;150000
"2577";1;102500
"2578";1;119600
"2579";1;264600
"2580";1;243200
"2581";1;155000
"2582";1;94400
"2583";1;123100
"2584";1;394400
"2585";1;151600
"2586";1;92800
"2587";1;132700
"2588";1;237100
"2589";1;173100
"2590";1;260100
"2591";1;160700
"2592";1;176500
"2593";1;158900
"2594";1;154600
"2595";1;346800
"2596";1;237500
"2597";1;275000
"2598";1;231400
"2599";1;85400
"2600";1;115100
"2601";1;163900
"2602";1;309700
"2603";1;137900
"2604";1;290600
"2605";1;94300
"2606";1;291700
"2607";1;303100
"2608";1;91500
"2609";1;435900
"2610";1;138900
"2611";1;218100
"2612";1;111800
"2613";1;218200
"2614";1;71000
"2615";1;261000
"2616";1;143800
"2617";1;97100
"2618";1;240000
"2619";1;235300
"2620";1;481500
"2621";1;80000
"2622";1;500001
"2623";1;285200
"2624";1;80000
"2625";1;193100
"2626";1;241600
"2627";1;121600
"2628";1;101500
"2629";1;194000
"2630";1;81800
"2631";1;175700
"2632";1;338700
"2633";1;175800
"2634";1;207300
"2635";1;1e+05
"2636";1;125000
"2637";1;146100
"2638";1;223300
"2639";1;87100
"2640";1;154200
"2641";1;89500
"2642";1;124000
"2643";1;163200
"2644";1;85100
"2645";1;163700
"2646";1;243800
"2647";1;108800
"2648";1;291500
"2649";1;85800
"2650";1;129700
"2651";1;132500
"2652";1;274200
"2653";1;81800
"2654";1;344800
"2655";1;59100
"2656";1;164300
"2657";1;169300
"2658";1;205300
"2659";1;61200
"2660";1;125400
"2661";1;275000
"2662";1;229300
"2663";1;177200
"2664";1;225900
"2665";1;206300
"2666";1;136900
"2667";1;145300
"2668";1;178100
"2669";1;109100
"2670";1;275000
"2671";1;343400
"2672";1;155400
"2673";1;148000
"2674";1;221800
"2675";1;199400
"2676";1;249400
"2677";1;251200
"2678";1;66300
"2679";1;350000
"2680";1;89300
"2681";1;383700
"2682";1;181200
"2683";1;246900
"2684";1;377200
"2685";1;205200
"2686";1;390100
"2687";1;287100
"2688";1;500001
"2689";1;99100
"2690";1;59700
"2691";1;147500
"2692";1;219400
"2693";1;216000
"2694";1;154100
"2695";1;263400
"2696";1;251200
"2697";1;114000
"2698";1;235200
"2699";1;233900
"2700";1;153200
"2701";1;375000
"2702";1;90000
"2703";1;188400
"2704";1;55200
"2705";1;500001
"2706";1;160100
"2707";1;150300
"2708";1;174500
"2709";1;85700
"2710";1;218800
"2711";1;94500
"2712";1;159200
"2713";1;311900
"2714";1;146300
"2715";1;112500
"2716";1;243300
"2717";1;238900
"2718";1;430100
"2719";1;43000
"2720";1;305200
"2721";1;93100
"2722";1;118400
"2723";1;286500
"2724";1;344200
"2725";1;67600
"2726";1;163600
"2727";1;102000
"2728";1;94700
"2729";1;163000
"2730";1;130700
"2731";1;185500
"2732";1;147500
"2733";1;47700
"2734";1;195300
"2735";1;168400
"2736";1;98500
"2737";1;246600
"2738";1;222500
"2739";1;500001
"2740";1;95600
"2741";1;163900
"2742";1;185900
"2743";1;94500
"2744";1;351100
"2745";1;129000
"2746";1;80300
"2747";1;155000
"2748";1;69800
"2749";1;187800
"2750";1;100700
"2751";1;237500
"2752";1;151700
"2753";1;159800
"2754";1;215800
"2755";1;181600
"2756";1;116100
"2757";1;96500
"2758";1;198400
"2759";1;220800
"2760";1;118300
"2761";1;104100
"2762";1;500001
"2763";1;58400
"2764";1;3e+05
"2765";1;282300
"2766";1;233300
"2767";1;500001
"2768";1;178600
"2769";1;330000
"2770";1;246800
"2771";1;115000
"2772";1;115000
"2773";1;257400
"2774";1;110700
"2775";1;500001
"2776";1;112900
"2777";1;500001
"2778";1;327600
"2779";1;130200
"2780";1;80800
"2781";1;281300
"2782";1;490800
"2783";1;122600
"2784";1;208900
"2785";1;135800
"2786";1;187500
"2787";1;118800
"2788";1;126600
"2789";1;116300
"2790";1;500001
"2791";1;153500
"2792";1;118100
"2793";1;67900
"2794";1;296000
"2795";1;62000
"2796";1;381800
"2797";1;226900
"2798";1;416900
"2799";1;172400
"2800";1;112500
"2801";1;226500
"2802";1;238800
"2803";1;270700
"2804";1;179300
"2805";1;273200
"2806";1;164100
"2807";1;134500
"2808";1;329200
"2809";1;122000
"2810";1;42700
"2811";1;382200
"2812";1;188800
"2813";1;205200
"2814";1;178000
"2815";1;182800
"2816";1;42500
"2817";1;151800
"2818";1;111400
"2819";1;22500
"2820";1;162100
"2821";1;99200
"2822";1;243800
"2823";1;107200
"2824";1;139000
"2825";1;259700
"2826";1;492500
"2827";1;153500
"2828";1;310300
"2829";1;171100
"2830";1;80800
"2831";1;338600
"2832";1;500001
"2833";1;331200
"2834";1;188800
"2835";1;347700
"2836";1;166400
"2837";1;223000
"2838";1;500001
"2839";1;302900
"2840";1;320500
"2841";1;500001
"2842";1;171300
"2843";1;92500
"2844";1;425000
"2845";1;147800
"2846";1;166700
"2847";1;51400
"2848";1;272800
"2849";1;79000
"2850";1;297900
"2851";1;394000
"2852";1;157000
"2853";1;222800
"2854";1;96300
"2855";1;74000
"2856";1;177000
"2857";1;87500
"2858";1;120600
"2859";1;477300
"2860";1;181300
"2861";1;140300
"2862";1;477800
"2863";1;247100
"2864";1;220700
"2865";1;168900
"2866";1;80100
"2867";1;500001
"2868";1;225000
"2869";1;374200
"2870";1;331000
"2871";1;238900
"2872";1;363200
"2873";1;452800
"2874";1;216700
"2875";1;169800
"2876";1;165000
"2877";1;134500
"2878";1;225600
"2879";1;139600
"2880";1;81300
"2881";1;57500
"2882";1;199600
"2883";1;241500
"2884";1;179800
"2885";1;250000
"2886";1;416500
"2887";1;176600
"2888";1;500001
"2889";1;234600
"2890";1;430200
"2891";1;295600
"2892";1;225000
"2893";1;87500
"2894";1;95500
"2895";1;101900
"2896";1;48500
"2897";1;164400
"2898";1;151500
"2899";1;116300
"2900";1;169300
"2901";1;212500
"2902";1;101800
"2903";1;128900
"2904";1;202100
"2905";1;5e+05
"2906";1;190900
"2907";1;143800
"2908";1;163400
"2909";1;273400
"2910";1;94900
"2911";1;99500
"2912";1;322700
"2913";1;109100
"2914";1;67500
"2915";1;145800
"2916";1;342000
"2917";1;156700
"2918";1;204700
"2919";1;145900
"2920";1;96200
"2921";1;76900
"2922";1;193800
"2923";1;157300
"2924";1;207000
"2925";1;500001
"2926";1;84100
"2927";1;332400
"2928";1;500001
"2929";1;311000
"2930";1;87500
"2931";1;240200
"2932";1;169400
"2933";1;339200
"2934";1;234600
"2935";1;256100
"2936";1;109400
"2937";1;91300
"2938";1;57700
"2939";1;143800
"2940";1;102100
"2941";1;500001
"2942";1;166300
"2943";1;131500
"2944";1;90000
"2945";1;166000
"2946";1;119900
"2947";1;222100
"2948";1;265700
"2949";1;252200
"2950";1;131500
"2951";1;290000
"2952";1;236100
"2953";1;91800
"2954";1;164500
"2955";1;500001
"2956";1;314500
"2957";1;1e+05
"2958";1;102900
"2959";1;208400
"2960";1;73400
"2961";1;288000
"2962";1;131700
"2963";1;156100
"2964";1;417500
"2965";1;212500
"2966";1;178500
"2967";1;82500
"2968";1;207100
"2969";1;294600
"2970";1;275000
"2971";1;107900
"2972";1;233300
"2973";1;279600
"2974";1;208000
"2975";1;116300
"2976";1;211900
"2977";1;58400
"2978";1;218900
"2979";1;2e+05
"2980";1;149000
"2981";1;143200
"2982";1;308600
"2983";1;247200
"2984";1;327300
"2985";1;500001
"2986";1;54400
"2987";1;223400
"2988";1;220800
"2989";1;220500
"2990";1;160600
"2991";1;112500
"2992";1;207900
"2993";1;134200
"2994";1;201900
"2995";1;83300
"2996";1;255600
"2997";1;393600
"2998";1;261400
"2999";1;419100
"3000";1;366300
"3001";1;308700
"3002";1;182800
"3003";1;170900
"3004";1;229300
"3005";1;500001
"3006";1;137500
"3007";1;242200
"3008";1;177400
"3009";1;129800
"3010";1;253600
"3011";1;155300
"3012";1;138500
"3013";1;81900
"3014";1;314100
"3015";1;311400
"3016";1;37900
"3017";1;263500
"3018";1;148200
"3019";1;70700
"3020";1;133500
"3021";1;159100
"3022";1;224100
"3023";1;330900
"3024";1;104600
"3025";1;500001
"3026";1;214700
"3027";1;187500
"3028";1;158800
"3029";1;126700
"3030";1;192100
"3031";1;208400
"3032";1;496400
"3033";1;49500
"3034";1;121500
"3035";1;184100
"3036";1;267700
"3037";1;165100
"3038";1;139500
"3039";1;150900
"3040";1;103600
"3041";1;65400
"3042";1;89300
"3043";1;250300
"3044";1;267600
"3045";1;237900
"3046";1;150800
"3047";1;313100
"3048";1;459600
"3049";1;68300
"3050";1;212500
"3051";1;382100
"3052";1;88300
"3053";1;171100
"3054";1;190000
"3055";1;359400
"3056";1;63600
"3057";1;266400
"3058";1;68200
"3059";1;311800
"3060";1;100800
"3061";1;138200
"3062";1;156500
"3063";1;1e+05
"3064";1;273500
"3065";1;147500
"3066";1;46900
"3067";1;374200
"3068";1;192200
"3069";1;100800
"3070";1;328900
"3071";1;93400
"3072";1;136400
"3073";1;364000
"3074";1;340000
"3075";1;442100
"3076";1;112300
"3077";1;176100
"3078";1;179400
"3079";1;250800
"3080";1;171400
"3081";1;80400
"3082";1;123300
"3083";1;348400
"3084";1;246300
"3085";1;331800
"3086";1;73700
"3087";1;369400
"3088";1;362500
"3089";1;95500
"3090";1;190000
"3091";1;168600
"3092";1;159300
"3093";1;297300
"3094";1;500001
"3095";1;151400
"3096";1;295400
"3097";1;240400
"3098";1;102900
"3099";1;216100
"3100";1;116900
"3101";1;174100
"3102";1;500001
"3103";1;125400
"3104";1;78700
"3105";1;166700
"3106";1;65600
"3107";1;150300
"3108";1;223200
"3109";1;151600
"3110";1;220100
"3111";1;189600
"3112";1;145300
"3113";1;137500
"3114";1;86900
"3115";1;192300
"3116";1;500001
"3117";1;165900
"3118";1;229200
"3119";1;243800
"3120";1;96600
"3121";1;129900
"3122";1;261300
"3123";1;49500
"3124";1;262100
"3125";1;131900
"3126";1;94600
"3127";1;195200
"3128";1;114400
"3129";1;350000
"3130";1;63200
"3131";1;275200
"3132";1;262100
"3133";1;222100
"3134";1;213900
"3135";1;139300
"3136";1;219400
"3137";1;267600
"3138";1;214600
"3139";1;233300
"3140";1;67900
"3141";1;332000
"3142";1;142600
"3143";1;155400
"3144";1;330400
"3145";1;122900
"3146";1;187700
"3147";1;287700
"3148";1;113300
"3149";1;137500
"3150";1;272800
"3151";1;53400
"3152";1;67500
"3153";1;175300
"3154";1;284100
"3155";1;230900
"3156";1;75000
"3157";1;145500
"3158";1;46700
"3159";1;293200
"3160";1;213800
"3161";1;118800
"3162";1;67500
"3163";1;89500
"3164";1;500001
"3165";1;319300
"3166";1;137500
"3167";1;57400
"3168";1;210000
"3169";1;160800
"3170";1;49200
"3171";1;115200
"3172";1;360500
"3173";1;245600
"3174";1;263300
"3175";1;201000
"3176";1;325000
"3177";1;133000
"3178";1;173900
"3179";1;84700
"3180";1;186100
"3181";1;223600
"3182";1;265600
"3183";1;128400
"3184";1;177200
"3185";1;500001
"3186";1;131300
"3187";1;54300
"3188";1;500001
"3189";1;441700
"3190";1;257600
"3191";1;279200
"3192";1;187800
"3193";1;422000
"3194";1;121400
"3195";1;162100
"3196";1;131300
"3197";1;112000
"3198";1;120100
"3199";1;350500
"3200";1;241900
"3201";1;73500
"3202";1;131600
"3203";1;492500
"3204";1;176900
"3205";1;322800
"3206";1;129500
"3207";1;96600
"3208";1;109000
"3209";1;98600
"3210";1;154900
"3211";1;110400
"3212";1;166000
"3213";1;105100
"3214";1;50000
"3215";1;260900
"3216";1;261500
"3217";1;123600
"3218";1;237900
"3219";1;165500
"3220";1;214500
"3221";1;137100
"3222";1;126000
"3223";1;402900
"3224";1;149000
"3225";1;337600
"3226";1;183900
"3227";1;278400
"3228";1;103100
"3229";1;172600
"3230";1;318400
"3231";1;154200
"3232";1;1e+05
"3233";1;301100
"3234";1;176100
"3235";1;346100
"3236";1;322000
"3237";1;2e+05
"3238";1;97200
"3239";1;185600
"3240";1;289500
"3241";1;142500
"3242";1;276300
"3243";1;354400
"3244";1;226500
"3245";1;220900
"3246";1;475000
"3247";1;90600
"3248";1;88800
"3249";1;500001
"3250";1;254200
"3251";1;190300
"3252";1;152000
"3253";1;150000
"3254";1;153200
"3255";1;198400
"3256";1;172400
"3257";1;98300
"3258";1;164600
"3259";1;83900
"3260";1;126800
"3261";1;65200
"3262";1;197400
"3263";1;265000
"3264";1;102200
"3265";1;224500
"3266";1;263800
"3267";1;4e+05
"3268";1;190600
"3269";1;162500
"3270";1;190900
"3271";1;156900
"3272";1;129800
"3273";1;179200
"3274";1;500001
"3275";1;282100
"3276";1;164600
"3277";1;238700
"3278";1;396400
"3279";1;147100
"3280";1;218800
"3281";1;133300
"3282";1;311100
"3283";1;224100
"3284";1;130600
"3285";1;201600
"3286";1;500001
"3287";1;232800
"3288";1;81500
"3289";1;350000
"3290";1;500001
"3291";1;259600
"3292";1;500001
"3293";1;103900
"3294";1;213200
"3295";1;191900
"3296";1;60400
"3297";1;94300
"3298";1;221000
"3299";1;500001
"3300";1;500001
"3301";1;191800
"3302";1;159600
"3303";1;150700
"3304";1;161000
"3305";1;202800
"3306";1;245800
"3307";1;219300
"3308";1;365500
"3309";1;105800
"3310";1;217900
"3311";1;255000
"3312";1;172600
"3313";1;58000
"3314";1;54600
"3315";1;77500
"3316";1;129800
"3317";1;100400
"3318";1;113200
"3319";1;101100
"3320";1;112500
"3321";1;152800
"3322";1;75700
"3323";1;120800
"3324";1;138300
"3325";1;344500
"3326";1;500001
"3327";1;250200
"3328";1;111800
"3329";1;150500
"3330";1;107300
"3331";1;96000
"3332";1;279400
"3333";1;167200
"3334";1;52300
"3335";1;81300
"3336";1;264500
"3337";1;57300
"3338";1;123400
"3339";1;146900
"3340";1;500001
"3341";1;136800
"3342";1;121000
"3343";1;365600
"3344";1;224800
"3345";1;162800
"3346";1;500001
"3347";1;84500
"3348";1;43100
"3349";1;143800
"3350";1;132000
"3351";1;98300
"3352";1;309900
"3353";1;253100
"3354";1;329800
"3355";1;194200
"3356";1;500001
"3357";1;153100
"3358";1;288700
"3359";1;304100
"3360";1;141600
"3361";1;70400
"3362";1;271400
"3363";1;192700
"3364";1;222500
"3365";1;82500
"3366";1;118800
"3367";1;114200
"3368";1;174700
"3369";1;220200
"3370";1;299200
"3371";1;112500
"3372";1;67500
"3373";1;267400
"3374";1;271200
"3375";1;1e+05
"3376";1;73400
"3377";1;275900
"3378";1;227100
"3379";1;63700
"3380";1;305600
"3381";1;210700
"3382";1;140800
"3383";1;237300
"3384";1;319400
"3385";1;275700
"3386";1;162100
"3387";1;346400
"3388";1;294100
"3389";1;190000
"3390";1;240500
"3391";1;483300
"3392";1;91800
"3393";1;184400
"3394";1;227100
"3395";1;206700
"3396";1;98500
"3397";1;145500
"3398";1;266700
"3399";1;500001
"3400";1;174100
