x.1,x.2,y
0.503124106828609,0.6998565434276872,1.30624615587294
0.9462335244853954,0.42150239226551295,2.46975046675652
0.8687263007626473,0.7137223085925161,2.02306171809323
0.5099182997169687,0.8523181775051605,1.1675873615313301
0.7667890014512189,0.10085086749642201,2.4313074240926698
0.4866719161978767,0.6115655914264057,1.36152714374475
0.30521352522925044,0.8526901253643023,0.7581107146106659
0.008236420880028277,0.2767171989692626,0.7397225766908381
0.7321404977585714,0.6096549523286633,1.85400723270141
0.33651513093904206,0.7208292049066647,0.9523341034073379
0.48316389723259645,0.3743896027937317,1.5913429835345603
0.45142397520570154,0.11397764455772857,1.7879387314897002
0.42906085351274054,0.44393860207246205,1.4137707587797201
0.5559811187705533,0.1726912147815622,1.9382704964373298
0.385245496187854,0.15084648412693571,1.61886561335996
0.552221927969195,0.9241598991182997,1.18039582273923
0.4540943516984349,0.2930019397373572,1.6145148964133103
0.9337197968696952,0.4843187438178354,2.3820177814923196
0.6422044273848286,0.47128638197081807,1.8124335592146998
0.7928275828547265,0.2418501196619273,2.34255429869518
0.29844221168582663,0.2703604621285762,1.32605012971908
0.20964508056932538,0.2594020827155955,1.15953010739759
0.4215982688708406,0.8418823087833837,1.00149908941239
0.552376373391933,0.2566433088283219,1.8472379194572601
0.07082738398735705,0.6919904882866452,0.45014980668202004
0.6730177423493728,0.2955526542627721,2.0494892813731
0.8966345864378107,0.2667757875325326,2.52512503648177
0.8224002146442454,0.622038907438304,2.02202677633613
0.9537434685534711,0.18841980273606587,2.71749848383479
0.9179449954353421,0.34563664013697987,2.48896947363392
0.3031044633476405,0.1167875903611853,1.4887143836822399
0.6711659106363875,0.03975862510868985,2.3012056525331
0.31334941940349514,0.13476281239510118,1.49124031909741
0.2734565936898667,0.28697150086807627,1.2595294627826699
0.12633480306191258,0.38927964477619736,0.8633471252396699
0.19955767214918244,0.2566377359679263,1.14213056117296
0.14962608502074373,0.4161583831305215,0.8830559158232059
0.6159590504234017,0.12580801759795746,2.10495134512894
0.02036981774440302,0.4057249888520288,0.6351535534486171
0.859403244625799,0.7532512656314553,1.96495872829109
0.47870790778293665,0.7788628357965912,1.17856012587436
0.523984172317415,0.1796574332122169,1.86736821010709
0.19740032488418172,0.9495780740059879,0.44589933590032205
0.1257833305325074,0.3007072131924941,0.950686977244914
0.684282147940099,0.5105253301528403,1.8573452951386598
0.6918000730883154,0.9519962712741912,1.43154925107956
0.18673678537246077,0.03915066148195032,1.3336745940614498
0.024725739505821052,0.8781468653786267,0.17213285388425
0.40523770885971855,0.38446456701374115,1.4255463220179099
0.6471899285200475,0.7801918527096892,1.5139466524124099
0.2610695169362044,0.9147320069472611,0.607937816996127
0.07238769831933597,0.984301268586773,0.161387866828591
0.04387790650365028,0.7731820339914198,0.315218950854614
0.9881630068399216,0.17915689498046328,2.79553565918468
0.2392988181955177,0.4608334845463325,1.01765877846628
0.15283916121573457,0.8275347738012834,0.478706798749045
0.5525377164270074,0.18270233477392644,1.92139243544079
0.46572707273205827,0.5209806777705069,1.4101200874429198
0.6484830601578702,0.044501673067592735,2.25113760842942
0.7735107515852507,0.2642594111541198,2.28157306555659
0.5823586580665774,0.7705914725814778,1.39396672602743
0.5029594271787098,0.8643753687615936,1.14164052833803
0.13469079172059398,0.6463203461182623,0.6233845632523299
0.009634887490640115,0.542326193223082,0.4772996401879939
0.6771272879595126,0.6166164604098255,1.7371113377157599
0.26755317746711754,0.4484189915607662,1.08652170398273
0.26125312348709706,0.805280301967068,0.7175952557008709
0.916099168697026,0.02948454585116991,2.80096701229922
0.017200567239525694,0.5992694317190612,0.435560383601114
0.045345822468404615,0.13208769483711535,0.9583027011249209
0.5842454806635087,0.7342571246538026,1.43401839910075
0.63808889637234,0.11455150367788919,2.1604180748108797
0.34647833550335627,0.6274643157775354,1.06547307805158
0.9098299954134159,0.43827050685534136,2.38025410636328
0.2835165405117805,0.4274163429630285,1.13939641462639
0.4351226766893213,0.756854289394994,1.11343058594503
0.25584751435195996,0.9439495670833457,0.568327047629282
0.27942957553566955,0.6068808285920227,0.952028399566188
0.9308471555784901,0.7857621722077501,2.07527732313611
0.656830303716858,0.5885439342141098,1.7245787209831203
0.3348112801905749,0.8414239738933608,0.828511784318835
0.9135990625480545,0.7267181553793659,2.09976383065805
0.12194886714532366,0.10298739677755027,1.14045235444792
0.7348278031444686,0.4893202678039509,1.97953529772349
0.33511086742617985,0.48337650486823147,1.18663063063286
0.8214319499924077,0.07342259823906738,2.5678999635856603
0.5438337015998065,0.4041829053969822,1.6828429827000901
0.370929832066011,0.32605226189212855,1.4153078407980502
0.32676185630014853,0.7638538223384618,0.8898808043450122
0.35231092368831,0.6480466690375217,1.0565775455906998
0.8862435400105034,0.11304111837296621,2.65786663070321
0.8410604047762597,0.37715844280582966,2.3038392087910298
0.11096898276264774,0.4587782136323037,0.7632421189919109
0.5855486782997281,0.29907800424426884,1.8711610219907
0.32352455073603853,0.3424623057447237,1.3041818737983701
0.3515064914844499,0.8019490544799877,0.9012941673863679
0.5791175850635636,0.9123549084751953,1.24593475903384
0.9818219602633396,0.45552251781000747,2.50690441578627
0.5188708231464864,0.2561984504671464,1.7807208294980201
0.17884581317260057,0.8425626853186808,0.515675665112212
0.0668682530667248,0.4621028100620642,0.6717865173704921
0.3777077608211313,0.3142391008294306,1.44064938463271
0.13655405926148514,0.9164639808402316,0.35736257606185995
0.7360873099997923,0.654655762251818,1.8169604598078897
0.9058580627964348,0.6096650718503506,2.2011740198358902
0.14999940888093735,0.012709115191559274,1.28665705444291
0.4776644756299996,0.191804537557896,1.76266845944338
0.31134464863752326,0.36371009794240594,1.2586236782372
0.4015524427170381,0.5644493036439757,1.23846162273549
0.4695325362297372,0.1932795697090677,1.74494380946271
0.6141765839501762,0.5716603457597429,1.65619340934791
0.18762911524159287,0.6164959411246504,0.7589629932772372
0.7837562812965316,0.19555875768745815,2.3706483619753302
0.5536942777638031,0.02085484071737392,2.0853129550814598
0.5061406202948188,0.4731188599527016,1.5386784304864698
0.1809968499949126,0.5164503025225405,0.845606607850641
0.4938647154928548,0.42153392486204333,1.56565382750705
0.09526568111612878,0.6727656467444371,0.518186598550528
0.8806588380746404,0.9643720186563864,1.79662851500325
0.5248559945875803,0.26540704755034056,1.7834872410167
0.538643671800917,0.9127773921516421,1.16462523723021
0.6840458033026512,0.7206231573707268,1.6470845735166202
0.8117139602882902,0.533808846048657,2.08877026452683
0.9198961830098731,0.856570497098825,1.98268762254156
0.4470557666863962,0.8305097389962869,1.0637320610694598
0.5173610734413497,0.3421689459431737,1.6918597009498602
0.959030129234132,0.058604788455252306,2.8576877620071204
0.8573610427267855,0.8783343622846693,1.83597849286161
0.9290132565391612,0.012730512876913088,2.8435053473804106
0.7586172736181805,0.4465128170470407,2.06982327625155
0.3243164510619838,0.7323350073290366,0.9164660214446491
0.16557373428721012,0.2931844530138907,1.03772031492554
0.7367415318585021,0.44578399626589116,2.0268320592586
0.45904404736832444,0.9008185770375131,1.0174855180084699
0.21605182210936058,0.6302781390326884,0.802004256751388
0.1556104728699628,0.603155647728604,0.708293950650841
0.36876631113156916,0.6230138413572023,1.1144598168321
0.5564485351688079,0.6408066914180731,1.47177862375975
0.585100635004798,0.30117548899286173,1.86817120597698
0.593330679968062,0.4090428791953886,1.7769105443731001
0.6616383843198302,0.10652853311028286,2.2154931973200296
0.6185701430530245,0.91998428703331,1.3171630855649699
0.7700532636942614,0.4334420176196063,2.10572980437428
0.8947853673967546,0.12177078686499461,2.6662207767367403
0.9485888837629891,0.8288556594680325,2.0677043888717903
0.26165216724190066,0.022677815922999323,1.4998425764497398
0.10521047534893674,0.6385583985382913,0.5722182695753871
0.16202582669750829,0.7303542269045751,0.594103887444362
0.3891438014590423,0.49688119321565044,1.2811313786078202
0.925224906706683,0.4540462712882516,2.39526851475239
0.9715503676758124,0.44706467596003774,2.4948218844365297
0.6367659264972373,0.11060636131512072,2.16171343345195
0.33886614143318,0.9407156201065608,0.7374700750224291
0.621481883784684,0.7001886280801158,1.5424541705288002
0.44805170380492865,0.008057900976759532,1.88696294091642
0.27594234097790377,0.4152999296886425,1.1363578424789
0.7291552543381689,0.1758621219812613,2.28119510016404
0.8943374107792493,0.6150517310886016,2.17277111625299
0.7358164018074206,0.2813290755517149,2.18919587694108
0.22193295664199314,0.5429951880654241,0.900912179145962
0.5090369571433726,0.71428519733879,1.30365566420369
0.3454458244728667,0.5582659011823551,1.13250608625822
0.8611269319222066,0.4648188422086678,2.2564111449755697
0.5161305124186439,0.13026039378604784,1.9009968498721699
0.971460865313173,0.7357149534548851,2.20641787513159
0.3680299470351565,0.812721370774314,0.9235600654501469
0.5223324256520849,0.45780077215940124,1.5863334978930699
0.57374965544355,0.20707698782168674,1.9394460283219799
0.36775605173370335,0.3740494279335919,1.36103852489032
0.6272594432224446,0.932960683138333,1.3215714851394298
0.3294586516989785,0.05103587170164904,1.60703845974058
0.59090394113261,0.04545264042235153,2.13511539739557
0.40618411332536547,0.9451484488455835,0.8675796480383721
0.42058144575512413,0.469157259930535,1.3716430338099599
0.2984432737172774,0.08131949041837291,1.5148147940635701
0.8086568403128622,0.2506808432332091,2.36537156556733
0.06025044034851826,0.13909278198705205,0.981095010880381
0.21908071879704302,0.18362803118876925,1.2540498047601398
0.6730684719429252,0.7089610096324033,1.63679120014422
0.10759532359107252,0.7811450401148174,0.43460778868757205
0.5787558636290132,0.13105278364943362,2.0253632343374197
0.13278573540905933,0.4850935903633301,0.7805665747728199
0.7472711202652333,0.8191630207525529,1.67504649190232
0.06568160138250571,0.8564616773228703,0.275636943988502
0.3599281599613355,0.9572424335720302,0.7630603306461129
0.20386622912533636,0.3495660642353436,1.05794981191866
0.24086618112631425,0.44740282010715665,1.0342020574025799
0.26341911962120906,0.611754759491045,0.915164535632357
0.594184201884529,0.7115719359997207,1.47653284389526
0.9725147488528408,0.9115300318669635,2.0329679471906297
0.07536363556682685,0.1442837186374114,1.00611564377323
0.21064908334838725,0.7539934582462926,0.6676737060770389
0.5195531468979464,0.4041153695573795,1.6343854037113499
0.06603435589771774,0.8662495809389695,0.26656844117678696
0.6996192139358941,0.8471826329885708,1.551835172344
0.5769893339186501,0.41378151596713786,1.7395204869099
0.003975251989522243,0.7243596667634121,0.284223417751491
0.6729331298050797,0.12671838514910008,2.21790578286164
0.05101994614758202,0.7724921705357012,0.330181260593235
0.4016372046167858,0.03583345806941618,1.76646829186939
0.21226887283961984,0.02528572478461023,1.3985453301575
0.48466116934971054,0.6252106204876064,1.34388370718807
0.791140387452928,0.7346612141601578,1.84709716052748
0.5075218586023474,0.20653970788456422,1.8076253735926002
0.9367234666988681,0.2813445067788335,2.59069594158791
0.5787309070549448,0.8277120632790121,1.3296801564283702
0.08310532244673674,0.29100615083037534,0.8750811778008941
0.5143688268578759,0.8712231277668531,1.15760469390079
0.13694354799528735,0.18927353860005602,1.084260371048
0.5130525132031432,0.9764520336908162,1.04990010429174
0.9627492296297525,0.120918426028526,2.80289857555181
0.3151084237892075,0.7996090162290771,0.830888730939478
0.42725993290329073,0.11151638167006482,1.74210420553572
0.9952560271384013,0.9802463686219192,2.0098015703260903
0.8554097749989379,0.0,2.70911956159398
0.10463578934710353,0.7989028541386797,0.41096146032214204
0.37368631349255965,0.3446089897568244,1.4022873095236699
0.0027405353435337254,0.1760511177302587,0.8292567902244631
0.6772212949851698,0.3879000178964369,1.96567878848873
0.7496540413327029,0.47141861335661345,2.0270410222001396
0.6177244955009441,0.6588053910500924,1.5762672650162102
0.4930473650907327,0.6580074245955252,1.32789513305761
0.9520895598456165,0.28150306328453983,2.62124696257524
0.755844878030142,0.7306858251558828,1.7805281437467801
0.5116023150825156,0.188851230503688,1.8334426456131003
0.4291044685673922,0.4886427882233626,1.3692195806652299
0.6648137078364945,0.31873519505804454,2.00994501169771
0.7097638161748051,0.0709220298970791,2.3472265806049104
0.4612546830749231,0.7222032426038442,1.2002557632513302
0.5229295771840556,0.18030569514849262,1.86461328039877
0.5469392139073831,0.7274492628986713,1.36625915765762
0.8665453422876838,0.9041753834344924,1.82853047805838
0.5452396385461655,0.6867289288051028,1.40352289238945
0.6366738797327908,0.5905882331220329,1.6822545484173999
0.36905723808087487,0.25167080312268403,1.4858373422175601
0.20559118326355919,0.688189271222715,0.723272691713646
0.734853766761084,0.24183592285836197,2.22670702286996
0.5048459268323338,0.9041092662259629,1.1057353480718999
0.2512538636773493,0.23958673342426112,1.26247198460624
0.5152829314007933,0.5881017391672199,1.44213593611494
0.5195674090622922,0.44826995858381236,1.59032435109839
0.7038318921666357,0.43353882893069157,1.97328883339651
0.6135722058044636,0.6159900345261646,1.6107211539056199
0.5887336004091104,0.9699478935267876,1.20764433615841
0.30966820403237416,0.602613374835011,1.0167218740098198
0.6820050895990909,0.9417975154040351,1.42215757933445
0.4929083338032696,0.13813802089009078,1.84672098886222
0.877696301576341,0.4830563528990983,2.27131460374221
0.07486154167477597,0.20771662837970847,0.9417727200780059
0.13360644526038146,0.6499568389890249,0.617586345411837
0.2324770392848832,0.2206191850171821,1.2438858603127299
0.21521271707178105,0.5670858593397623,0.863426500698552
0.9451758401872765,0.5883219021289713,2.30106286145747
0.5513015737975884,0.511528137234333,1.59058049786836
0.4645137572547196,0.377816821698878,1.55064825667068
0.4819623239831967,0.4591092527321786,1.50434675300494
0.6895519990255555,0.11968797879221398,2.25813886825927
0.18692252507340426,0.3062977896883327,1.06729213800281
0.47186089013059695,0.9052613860933004,1.03866388532333
0.16371300835208077,0.7095293984887612,0.618269899161533
0.6323156775629017,0.8767756847633912,1.38777868356556
0.876985714693481,0.5903444538236019,2.1627644051332
0.1089968735413474,0.9216274833947802,0.297133272048086
0.7648201876030658,0.09936667650075183,2.42885472811759
0.16480770344433446,0.21567824805005645,1.11358144157566
0.48787155598150694,0.09042763890808406,1.8842950321268301
0.5796450108988507,0.6505190883719846,1.50843900069594
0.27553653824804164,0.16358513594494192,1.3868908947333702
0.9719064000888845,0.22985178783776114,2.71242638514377
0.19453349703849873,0.4853240869005701,0.9037401503883299
0.9041494823032511,0.380251868125751,2.42683471017517
0.3747926848726701,0.5787119879791751,1.1707402090541998
0.2682451904497834,0.8861608662059114,0.650807556696236
0.6161440489391661,0.7247722939385284,1.50723897805437
0.04550385382006376,0.2668997902052167,0.824004992144182
0.7966471223466914,0.9551108042109173,1.6379775444511298
0.8830636267844241,0.9261767238244706,1.83957355632447
0.4047917250856298,0.5896406390966195,1.21978113986552
0.9538145016346363,0.6475776183997013,2.25915890140459
0.16741678082384392,0.30111825851468427,1.03348154807463
0.13359237672221738,0.7303641095214018,0.537269386928529
0.3032194644842575,0.27455781536433316,1.33140636258759
0.7595219002643647,0.6953423656168505,1.8231681259349
0.5104375601660891,0.003164454806692054,2.01652815332636
0.7158787590982119,0.9598204938202816,1.4718581305351102
0.15399326809020034,0.9746168998562171,0.334147801389918
0.7579258664454682,0.11345069796292001,2.4010130567476202
0.686183585469172,0.44185439005857435,1.9297151414211802
0.09877802579748628,0.08524804920774354,1.1118583362549501
0.18199893678349208,0.8797938925569777,0.48480085399933204
0.2814399400245533,0.45950824412055485,1.10320166614838
0.6763029546656522,0.25652834398279034,2.0950216555502297
0.6068715807295427,0.396821797109933,1.81617529899813
0.9465273110906883,0.09516009633366797,2.7961992444470503
0.4474541028085723,0.8957213525816059,0.9994125748053192
0.2375759697128929,0.6497999305576824,0.8255275166593491
0.5079478014841389,0.389882518679224,1.6254038526676597
0.5524446838233616,0.9049837461883743,1.19998891255818
0.8578811382616266,0.4422764127498753,2.27243361040018
0.6183035740909519,0.7749426670767926,1.4614583386573898
0.06057593830886998,0.4326869153220985,0.6885838110465561
0.983225231179892,0.35788622239011836,2.60720136296004
0.1133043470496976,0.4878815103104749,0.738848944194615
0.5624807090742125,0.7603492472343629,1.3644675174728
0.12849185068398952,0.09450712591329215,1.1619963757693799
0.004272082323827844,0.6278847699068326,0.38114944053813793
0.8140310382018718,0.43334980543397883,2.19371205498464
0.8899400166663868,0.38641340422212556,2.392284440808
0.4232204732137525,0.4582126671679218,1.3878456386737499
0.11337394086621468,0.4976190742086649,0.729264806490391
0.3874020731421984,0.9386956034804755,0.8364868292119351
0.576303771413973,0.2496780697287834,1.90201212675311
0.3861906440638547,0.03793492962834627,1.7334997563157202
0.8787647233898905,0.6175947996029182,2.1391095679718997
0.8703048024414678,0.7911924240388714,1.94886036170647
0.12173001107623575,0.6318628833170014,0.611918437760323
0.9981672478055162,0.2797458109900821,2.71508850622922
0.38808922916005806,0.7040304559068441,1.0721796397119798
0.24040561853567652,0.32466961820618356,1.15583405061625
0.48526283416583965,0.08067731176054295,1.8888174328021698
0.8701530822315086,0.5666034193801989,2.17281536455266
0.8968164857696517,0.2294849726063621,2.5627244557254
0.7112228887122508,0.3482866931141064,2.0731864112895
0.896826048013772,0.05980492096322923,2.7321737036109
0.12346724102116599,0.11003880395751454,1.1364458235912
0.4288919949391761,0.7249947678885387,1.13279108167626
0.20857589124116474,0.4188608032741401,0.9981694570742551
0.5883841860037801,0.13191680039157164,2.04374282201752
0.35291523006884334,0.2623635590235269,1.4429003149271002
0.3256485716964452,0.47900292449583254,1.17208724399097
0.3105536684436972,0.5846243948311398,1.03645397140644
0.9668704466346681,0.12286134364666505,2.80919482721947
0.40458039643822735,0.641272582547175,1.16780289961025
0.9003036182717405,0.5070663825517666,2.29252096405253
0.5848391930589693,0.9944632321527859,1.1753820795565801
0.10269808733515798,0.4450302011422483,0.76044038683176
0.08165764566053829,0.890789603139389,0.273287917720154
0.36976759638697854,0.8487887600350968,0.891018513822928
0.9148460258752713,0.19538907971106448,2.63280240888707
0.5545916120891643,0.6629111264609399,1.44599565956742
0.8918745099826092,0.02781930078232788,2.7542164982296495
0.23256297482491525,0.9055456257572494,0.560139959910884
0.9494090875299955,0.08146328047624794,2.81563515588641
0.231572202003239,0.346251938953775,1.11662981566042
0.6905946708870002,0.5759952710003131,1.80458744405769
0.37785409281755483,0.7926473111158214,0.9632382465060799
0.3902143596846962,0.6596624438153016,1.12072940613143
0.6712331012514153,0.827681947214988,1.5145771082025001
0.8293630838971761,0.9677874179676637,1.69070289097726
0.8780736456845919,0.1978622773805897,2.55684275715612
0.032697139501214056,0.9780688704226146,0.0882889695931226
0.07576801114823968,0.5528904112154781,0.5989189194515351
0.47105190852698475,0.8692275160721682,1.07302792207338
0.011532236734537656,0.8629856559372131,0.160904340213165
0.5253248935891964,0.2069894227953778,1.84275592607446
0.08214841183846017,0.5068867464101453,0.657606144202873
0.06525737294288476,0.7590259722328653,0.372081314213574
0.8092537686271659,0.0049534430254725755,2.6119300143327595
0.5329192621674762,0.8856607542163665,1.18026162660681
0.5417946072728542,0.8015642214214546,1.28197179408744
0.3364083352652515,0.574614010036634,1.09812051197514
0.7705806138033043,0.625103913501946,1.9154041148722198
0.8629395246254444,0.959289097098249,1.76629166374914
0.2227519893317573,0.7110364801833888,0.73475523525849
0.7641978238918259,0.9575431896552442,1.57069838186726
0.5861927740450524,0.04913156701083156,2.12202655849978
0.23977446568702013,0.23932956946756984,1.23978703841567
0.6086800795555133,0.8819323550843634,1.33539354754612
0.7363722878953474,0.13685152047150584,2.33457158342935
0.7394484503416674,0.010033480686648636,2.4673505907412596
0.8487665115055422,0.8907423354899197,1.80641250847839
0.14475211676015345,0.342245749286393,0.947118995944038
0.49632666819691673,0.22511499897055745,1.7667037025094
0.5468561538675999,0.9548046534123005,1.13907263195142
0.9785629953623388,0.10450415659534035,2.85089269280434
0.9132615595314446,0.32542321000203217,2.49979322263971
0.40321586823326694,0.07822301681376702,1.72729614726268
0.019906238220192878,0.6637124765045116,0.37661957391537704
0.4419507511303997,0.2330606494811943,1.65009875269607
0.12688470514551356,0.13408483825229978,1.11926505365409
0.1959198267126856,0.9073890857717254,0.485067390371114
0.2874942781861453,0.31113011137316776,1.26346093579195
0.4761530245309069,0.5986341165401337,1.3534174258820701
0.6040299268505014,0.22416741870241438,1.9828962991014099
0.0691491683201071,0.29925333366072254,0.8389545800164341
0.7609100813869728,0.9818611709099108,1.5398456198163302
0.7999299361215603,0.0790747117050775,2.51928411074914
0.7850962366847284,0.055462941041015956,2.5132157567422797
0.17366760086188687,0.3333863623255753,1.01375331846066
0.8749422601658854,0.2294883244836928,2.51900517451577
0.24450740698235565,0.058847088963698134,1.4294625413604098
0.29027837965352693,0.26426810691490443,1.3158179835882
0.7602251340124028,0.20026999207507104,2.31891675200313
0.4649229434331767,0.12916291616465334,1.79975369526073
0.991296754085434,0.6328532067248601,2.34877041215077
0.9879676722743221,0.9363022056742085,2.03911513462663
0.2929690503137196,0.4634046810825076,1.12235205015168
0.8084053567176628,0.3643598001949441,2.25135744782165
0.41779741092683853,0.41821489616284896,1.41694643581286
0.338518722239634,0.6454935849971551,1.0315629690885502
0.18591361336968187,0.42276447656034066,0.9489806659985329
0.5776808608553303,0.6007739902370207,1.55418545124121
0.9504342619689352,0.37909192596771424,2.52049369900487
0.8410372619039925,0.395483705994526,2.2854946847073703
0.05678128222777169,0.0020699797678632357,1.11098283925094
0.5161625721144257,0.954782023168785,1.07775369263254
0.23511519344516257,0.8810254625264623,0.589724651770666
0.008831462329327494,0.8285362932955335,0.18990542995743498
0.4583026287198588,0.6566707495462766,1.25979201612063
0.7341793173740107,0.9806955089918106,1.4875877732411
0.2775850771521796,0.48713523528393,1.06791137019172
0.18760573470542025,0.5064828665272839,0.8687673083040859
0.8361632395865134,0.5211580761405292,2.15026461542584
0.8052497735183562,0.23612485599093386,2.37309704511426
0.5488736175171322,0.24971698345066162,1.84715373860672
0.35331900147132955,0.171912050784892,1.5340255438350099
0.5271133056211151,0.1846277643364297,1.86865881457925
0.3776132670504769,0.4735868013814466,1.28134753298946
0.9002038502264227,0.4061908137596942,2.39304857002571
0.27614003680430194,0.4724292042550834,1.07970780879259
0.008743131509938095,0.20763083990667813,0.8097198496107009
0.7297646826088618,0.1539733265562626,2.30426960717887
0.814080378626599,0.5583992823495163,2.06894536525942
0.6576594480737702,0.47209997178794266,1.8425082345493102
0.6395627355274208,0.31504352457366114,1.96316683688201
0.4893684471373617,0.6955921528785011,1.2830133945681201
0.5516707082489433,0.7697154660283967,1.33351116161793
0.307340652363695,0.2415369792372341,1.37261481327005
0.5376341475301296,0.6426266750003147,1.43236051383428
0.010028202613315317,0.7361298613056299,0.28456746228039304
0.6064896145243448,0.41415983017805286,1.79809943772852
0.4343251041181748,0.8149503482132332,1.0538261346519
0.11563725198133784,0.2787676548386392,0.952317147282884
0.33787087420065415,0.7160208593461067,0.9598448381293571
0.6126685004554178,0.12821917977113845,2.09596752584912
0.7417993235965503,0.49020000724080093,1.9925895314663602
0.2997384220032354,0.3934754299162985,1.2057069861330099
0.9822990383983492,0.01735436061638346,2.94538066210225
0.040864099376908325,0.4043965784247,0.6774381049908701
0.5386310991473319,0.08322127146617495,1.9929344158153999
0.36318747133902907,0.6428422106225441,1.0835112654604
0.5782685834213707,0.8218551623497657,1.3346044709906002
0.7533218731969155,0.8319528337607341,1.67436802759767
0.28598438331962356,0.28568498249508806,1.2858510424848602
0.4006228636908551,0.22597946457278906,1.57457516877912
0.8679154749337327,0.6053595309735564,2.12964444677345
0.7545647466079298,0.6401939509872304,1.86832837667316
0.49834631975239924,0.045031221885079624,1.9505585432052601
0.5924376294180881,0.3882239638409459,1.79591402295046
0.9732723598693679,0.6991674939826638,2.2465318017639198
0.15224682540689236,0.17865437780033358,1.125447697239
0.9861143793943273,0.45976558225828146,2.51124605815858
0.4465607829061735,0.19478627785882605,1.6975299622863502
0.695069734030065,0.6072574413317109,1.7823147922754299
0.5023542894405147,0.5267293905923681,1.4775798271875802
0.288705855920932,0.3598163907493508,1.21726771863177
0.4965087180492302,0.4842611295351297,1.50830308557488
0.8635979741056201,0.3109123531356531,2.4150293632410498
0.6055298603373445,0.26337823280005207,1.9467408740893
0.09247409067269384,0.44140407752260696,0.743628374766558
0.4000264978477938,0.8712623546415138,0.929050841368735
0.8413784675844419,0.7451399673251398,1.9370353203266901
0.26692103901226594,0.5243059671936188,1.00948316161521
0.5380185942940866,0.8171709812846992,1.25884160795249
0.3552817495308134,0.7806731783303477,0.9300836112815891
0.213074828888518,0.536906800774989,0.8892885115928951
0.6903380476933504,0.07354860737466816,2.30578121193685
0.17825847203382691,0.7211258300779644,0.6357598523609339
0.5722789907326303,0.9150479456940307,1.22957866545767
0.8213047522703849,0.017799346290604378,2.62318708421662
0.5049864677516028,0.12065316696746763,1.88831840339117
0.26365988387527717,0.4733811451116056,1.0538155164104
0.22848731705859612,0.619339989802468,0.8377787997014821
0.9563267314388155,0.5045303447021631,2.4070162123534797
0.2548237218587279,0.8806343680444884,0.6295029295142739
0.18532877888609636,0.20676440258446682,1.1634938037022902
0.020690411207167487,0.23328883922730856,0.8079764400608841
0.44760352094070577,0.9906988946001033,0.9048735350370408
0.09839367549711467,0.9545921912575543,0.243026482407004
0.18324856893656183,0.22803990542241295,1.1380923090037
0.7185820392265938,0.27629372593521373,2.15978070464917
0.5197092147263428,0.8427883931599401,1.19667038531043
0.34575942595674364,0.45500322935134935,1.23624340398237
0.4237752700087806,0.40668282108473425,1.4404083576518998
0.045639924327877904,0.8721060194840243,0.219962082337588
0.23584675859472198,0.6838290554556071,0.7880926600191741
0.9868051821551089,0.22588655333128496,2.74616119591519
0.032480166802072497,0.7713542892100871,0.29426546744070897
0.909450958765354,0.3475992227239201,2.47003433504142
0.4485138939273089,0.9804330790318067,0.916943623218685
0.8143208024620728,0.9249522374502154,1.7034127796068799
0.3453634361831206,0.11305061648574255,1.57690097950399
0.8641695704766857,0.8066880951092351,1.92112616985105
0.3766908666392474,0.6550736360767994,1.0982845723629
0.2021974424240162,0.36250299865941155,1.04169683903456
0.3147555660532998,0.2716316922101532,1.35738323023543
0.1337479671257689,0.9530655182771338,0.31520693446509496
0.7952945006373705,0.7997648576558523,1.7903914563357801
0.08597653169641148,0.06711230337845028,1.10438341251574
0.3026351253668121,0.06398317117970556,1.54050305136479
0.5974814318392739,0.2363433156160664,1.9576510800979998
0.9112323256935121,0.2751216874056806,2.545965207275
0.8443217418892389,0.7344458883945945,1.95359582174569
0.7342080213486537,0.14226085798713103,2.32484489725903
0.9941483041030823,0.23164152198040772,2.75509003154002
0.05627126713756527,0.6582341117678989,0.454765869537368
0.39049775921231644,0.21029723978551676,1.5699991383589802
0.5593050304597135,0.5751442124410535,1.5430531357415
0.38911311788387243,0.7927350209432313,0.985651978990063
0.8754322599942151,0.32888739445965953,2.4207317761611202
0.9901824738563717,0.24899888098222436,2.7298324722796696
0.8471493255990896,0.9306530898941086,1.7633285690098999
0.3317512183088073,0.8829877678694275,0.7808936329092829
0.22559938372612393,0.514633777378181,0.9365592214744541
0.6450967882560512,0.25266417108444167,2.03651419351809
0.10266800677389558,0.3627392587934411,0.8425500101875509
0.22256467102987618,0.6293972892208927,0.8158998254220929
0.7069432868888672,0.6845034133016777,1.72891204757616
0.1595252818023276,0.047047586538800396,1.2714067439083
0.007655983877698988,0.1835485715264854,0.8315939691383392
0.5313215118093748,0.30697826345721974,1.7548986766487398
0.8502035111243011,0.9340572373903898,1.76603326620534
0.4215426848755241,0.26601629853114916,1.5764058474451297
0.6168637068940754,0.3424449648219301,1.89044144074433
0.7729294678470089,0.9921872419236618,1.55355566320941
0.17611566746978147,0.8892172751414036,0.46363355778157705
0.46484141422854636,0.7324194109812353,1.1972227722872
0.747647955027115,0.6946631090166347,1.80011614272371
0.9122853438569599,0.5078840251674909,2.31565016554669
0.04200641206358045,0.43291613429858034,0.651243481552228
0.6365338691302356,0.7758817106088703,1.4969541681930398
0.5182192565994067,0.6881653844041091,1.34808795549907
0.5719955357500989,0.02667335163371457,2.1160783243831203
0.8052848354684697,0.27064834000761984,2.3386944809462897
0.3733254784045737,0.73052655187307,1.0162170140538398
0.9055256376322602,0.757372457452222,2.05301982956007
0.20192700420036638,0.1731673606733146,1.23021313874051
0.8252140713995443,0.7443949474746415,1.9054744795430498
0.8510057018313293,0.4498048176064882,2.25117564154789
0.029098904948574984,0.8273617073392292,0.231583042768762
0.9946659761651024,0.6804749352239737,2.30795225920156
0.7240617466082603,0.5254341207299913,1.9219585263636
0.7104624688345698,0.07367020019328568,2.34587872470729
0.45365776892981624,0.5336158940351275,1.37338281492703
0.3270594981867888,0.5861869908427512,1.06788079976104
0.33508002564140943,0.6640198521665452,1.0061917069833701
0.09579947238300844,0.8425911029427419,0.349678059574217
0.9948115849176419,0.2745392313905444,2.71358107984997
0.7837652994767121,0.5253084273120885,2.04140238859691
0.19577846119286715,0.18278962139039015,1.20831710426137
0.07503533946349807,0.3535455624663449,0.796505908016115
0.9684296548974727,0.828838719604648,2.1073733519297098
0.2544714128468357,0.5744453617569557,0.934536869637668
0.8935608409402036,0.3390352241791075,2.44682910572737
0.9644379428184904,0.101883482152637,2.82528039976023
0.7867763082274726,0.34567041307002405,2.22679336369038
0.7230774410408491,0.6406845609000384,1.8049106854014099
0.8276324568147394,0.0243769784928119,2.62926514260471
0.9118269172124183,0.551801628188998,2.27088107494637
0.4830977823962441,0.6293896285198274,1.33658640435897
0.7181621372020622,0.3440449869048209,2.0912900515832002
0.037890516400101076,0.654040013409058,0.42221961286850296
0.6444646255688025,0.8277628670133299,1.4609991486649998
0.636607320791141,0.8094628768631166,1.46356925624423
0.28708945337335123,0.4515897896349985,1.12239908636548
0.8048038647715001,0.20914095706141492,2.39915004605427
0.025600239455984185,0.4660282928190354,0.5853921356610949
0.13254677879869367,0.010195832799949523,1.25428731902502
0.38584693172821727,0.2898538525848698,1.4812649595551202
0.48251296212589184,0.23980532222783174,1.7244281384628302
0.709838761856259,0.3440812888438829,2.0746194254607
0.17137327553916043,0.0171296204475368,1.32495902013034
0.8029705121261489,0.36969377281821975,2.23516972130165
0.7130593116490507,0.2611300665337926,2.16388478479348
0.31563192747104907,0.4126310402102038,1.21834297385067
0.8426400595910273,0.31746017333283105,2.36660651280545
0.1262830177280124,0.821569129344004,0.43159084650687896
0.669138601177075,0.7064912561771416,1.63140341639519
0.8083783869905149,0.26610651894382686,2.34941211692058
0.6419443701807526,0.1879618038498857,2.0948211136274
0.19697869001017598,0.3104534728514679,1.08323995652609
0.9728290959489695,0.6583210465246835,2.28643221943639
0.19428323135431078,0.3931017267227193,0.995326521107927
0.06824760287822298,0.1108456412865965,1.02528298459947
0.8028277192248778,0.10707071786407575,2.49712059716694
0.7389851779165032,0.8020375715560463,1.67558715050109
0.19327607416941767,0.574677326124999,0.8120055389590558
0.5840301793008297,0.18050458587254278,1.98652505828068
0.7771892971985042,0.7687222216488989,1.78520487830974
0.9328261710332688,0.45009863629461944,2.4144015645142596
0.8564145205942043,0.19473616618516298,2.5166782110463797
0.42760000292307976,0.39958779146561824,1.45513671752997
0.7330338873291153,0.48352951276364503,1.98173235892318
0.8748672648546152,0.4558759236666933,2.29280113219284
0.2569163534753666,0.7318442365261166,0.782256067264825
0.5849963119676357,0.0296568785144093,2.13908141804859
0.9436386670965381,0.44370286028440176,2.44239683938213
0.8434772807926528,0.3175502832209962,2.3681897334754503
0.8441994882754547,0.7007491946457747,1.9869985596742499
0.3185220414863537,0.5906296777153224,1.0463824342005
0.1716735417479212,0.6881943194414417,0.655482787871733
0.1667144611498252,0.03525115291790561,1.29755347478203
0.3230558162351259,0.46750680625914925,1.17838477343321
0.8044525537150059,0.61196297997619,1.99621922150254
0.321217449813392,0.13995783425525726,1.5017773134168202
0.9871142065117776,0.5985715871810985,2.37464266223833
0.4522656570326199,0.2527418562920128,1.65106101171114
0.3071513644804509,0.8676843768049087,0.7470113453455269
0.49619555204950877,0.8801923336545366,1.11232916405424
0.22078274512553353,0.051707736916855936,1.3891773221548602
0.6189885750564025,0.5082497398172553,1.72912744968198
0.3515197643145396,0.039673904339748975,1.6624731230549499
0.3931681261518931,0.46612767230938407,1.3198822711128702
0.7600891504150171,0.829039102176431,1.69080196227878
0.037714955471408455,0.6064791904447197,0.46935952478088394
0.5274467033432694,0.3005518625971474,1.75357175548561
0.3105921911996758,0.14132017617400064,1.47918225568719
0.5307219225913506,0.4813709814099608,1.5795645266771299
0.12563979831008762,0.6389297424765776,0.6126757494639611
0.10354035050662966,0.855819371351995,0.351939523592591
0.4515153520841415,0.006633569730138457,1.8953073220327499
0.7572422355425302,0.10988148467345178,2.40321076754481
0.25222338515183856,0.9325685242167064,0.572448456892744
0.06792515796703681,0.70679505704743,0.429566905135289
0.8867473721111145,0.8544517233239979,1.9185549309477201
0.25610865036376207,0.36302173939216803,1.14892113697715
0.16898997374343483,0.6939289161379681,0.6443934906274079
0.1123958914516,0.6468558546319356,0.578293185215443
0.4483460701237475,0.07699903689360284,1.8187116403132702
0.2644190576484824,0.37493568248727616,1.1536332021933
0.4667294058056853,0.9724962571911762,0.9612727009225641
0.8704472257986676,0.4147035949193786,2.32507931254804
0.9245361592726733,0.7457485404689119,2.10261940956116
0.7480250857038586,0.26154218562259984,2.23335284274071
0.14204259842026923,0.6094554201427322,0.6748878771904859
0.7609779071704379,0.45987782945996697,2.06119570648298
0.6654507857395067,0.5824621049445373,1.74787974194624
0.7255472028682252,0.36569091241028145,2.08443516050465
0.9940678697834429,0.26537654371783,2.72124394751154
0.5195181171023626,0.4715633130265556,1.56696679373272
0.2984559081168775,0.49128171879710514,1.10548163042404
0.23650947926807797,0.918545818209338,0.5550460570957509
0.8035882826329168,0.6422748085588725,1.96422478044406
0.2179151476682048,0.9854424075873904,0.45108697470277503
0.627122079543382,0.4293451801314666,1.82417071261443
0.07436063586924692,0.8913989406277796,0.25809630542062195
0.9332705594301435,0.7955903088446449,2.07030686712824
0.5502785618671817,0.7617588465429167,1.33867383887991
0.8498509103916152,0.5581742099076126,2.14065799536183
0.6705028076037481,0.15526761055864916,2.18454157467932
0.3572902928617739,0.043688857155223755,1.6699965626467
0.39349521995546605,0.535224728699014,1.25154068600386
0.9646641445662774,0.025115332596024206,2.9023875482380403
0.23750092360678815,0.7792716421813132,0.696096517378464
0.15118131544218755,0.45272496660768907,0.849651338532567
0.3390308273741823,0.9325141909264122,0.745988551760092
0.4365883958939807,0.650603653380643,1.2224539897870301
0.44713727515368507,0.9737577713753909,0.9208579079713671
0.03487507614952485,0.10626011337463563,0.963166314875707
0.6578383297730276,0.3539466174452859,1.96084506367333
0.8445215964961081,0.05313826989435367,2.6342993853613703
0.8696449726466129,0.032575135774337585,2.70504163834266
0.9160246230831457,0.3013963253613426,2.52930673887022
0.7166443966306244,0.20520528786179662,2.22689203498885
0.6216101195387632,0.2158158764829951,2.02636979240924
0.46534230209278016,0.5357965260940024,1.3945570914074799
0.011582450690617765,0.12271432202928216,0.900185715407133
0.33454573458131753,0.27972415751276825,1.3888536021113402
0.7174698644201262,0.7497538242550127,1.68479524785653
0.5611277052386132,0.5521458609775681,1.56966025405563
0.7140998114488056,0.5430785762445257,1.8844309970736497
0.7604545849985782,0.11732843902752779,2.40219470509328
0.4402402201621673,0.413064558849757,1.4669414437376
0.9984403830484804,0.10364503091260331,2.89147577993572
0.2412418795285242,0.7733755759353599,0.7094602503348141
0.4172044289983795,0.8326760905421035,1.00191060011275
0.9833791523440162,0.06904552795028567,2.89592425059527
0.44414399356720397,0.7784709270707475,1.10987500962801
0.014861983538576378,0.7526961110360806,0.27768598846159903
0.9126788374605683,0.9102176962272012,1.91469547571614
0.36241591900442793,0.34706012892566807,1.37731574545614
0.3314471718459317,0.6956368786973767,0.967360940529034
0.13176289100840569,0.7639869528434909,0.500039813341573
0.4240602961361277,0.7086578560533489,1.13944771653041
0.8980784960181091,0.2865366277203204,2.50827897386625
0.9304773719784679,0.40181308009066846,2.4579218965955096
0.7576578363163875,0.5558154648001749,1.95876416703686
0.08432695988881712,0.2338894940126628,0.934555168962106
0.9182948844694712,0.6156554912862884,2.2200475789140897
0.558843960386737,0.3153747126717707,1.8015185780823202
0.6545741148297616,0.3503245769368743,1.9579381919466001
0.4223237453973574,0.031518478772408313,1.8121192459948399
0.8976654063265123,0.46270020367480363,2.33154929592274
0.7598182440866759,0.921386065450209,1.59804960270412
0.4558683652587676,0.7327058203299534,1.17900402564555
0.633861177511461,0.5252750272243902,1.7418503342196299
0.380890470792165,0.2955345359376109,1.4656870891340101
0.5442190088469024,0.9157078439493526,1.17284148768522
0.4046841327717491,0.23821823944071932,1.5704709207639098
0.9097192230632828,0.9417423799949236,1.87730239401571
